year_month,BDI_mean,Brent_USD_per_barrel,policy_rate,FAO_23012,FAO_23013,FAO_23014,BWA_FAO_CP_23012,BWA_FAO_CP_23013,BWA_FAO_CP_23014,KEN_FAO_CP_23012,KEN_FAO_CP_23013,KEN_FAO_CP_23014,NAM_FAO_CP_23012,NAM_FAO_CP_23013,NAM_FAO_CP_23014,ZAF_FAO_CP_23012,ZAF_FAO_CP_23013,ZAF_FAO_CP_23014,ZWE_FAO_CP_23012,ZWE_FAO_CP_23013,ZWE_FAO_CP_23014
2001-01,1565.9545454545455,25.62,14.0,34.291207,33.061978,3.602384,34.291207,33.061978,3.602384,26.658805,22.919383,16.136017,39.410318,33.467834,7.319912,47.820179,35.917669,4.958652,90.028959,91.296524,1.882258
2001-02,1479.15,27.5,14.0,34.341562,33.243495,3.359312,34.341562,33.243495,3.359312,26.495003,22.23739,13.673317,39.742889,33.784232,7.717045,47.958387,36.306538,5.333317,90.099992,91.437082,1.87931
2001-03,1501.590909090909,24.5,14.0,34.643687,33.295356,2.72,34.643687,33.295356,2.72,26.3312,21.969282,12.70793,40.07546,34.10063,8.109677,48.280873,36.447949,4.563895,90.171025,91.577639,1.876372
2001-04,1440.1052631578948,25.66,14.0,34.794749,33.321287,2.173337,34.794749,33.321287,2.173337,26.720231,22.397928,12.21647,40.408031,34.417028,8.497884,48.511219,36.58936,4.020101,90.242058,91.718197,1.873442
2001-05,1448.2857142857142,28.31,14.0,35.273114,33.476873,2.028451,35.273114,33.476873,2.028451,26.904508,22.794996,9.278117,40.740603,34.733426,8.88174,48.695497,36.836833,3.888342,90.313092,91.858754,1.870522
2001-06,1377.4761904761904,27.85,14.0,35.373823,33.528735,1.571092,35.373823,33.528735,1.571092,26.945459,23.126842,6.140986,41.073174,35.049824,9.261318,48.925844,36.80147,3.17144,90.384125,91.999311,1.867611
2001-07,1221.3636363636363,24.61,13.5,35.524885,33.65839,1.963865,35.524885,33.65839,1.963865,26.986409,23.367421,5.675173,41.405745,35.366222,9.636689,48.87979,36.97823,3.666981,90.455158,92.139869,1.864709
2001-08,979.9090909090909,25.68,13.5,35.625594,33.736183,2.199529,35.625594,33.736183,2.199529,27.047835,23.591891,5.367976,41.738316,35.68262,10.007922,48.787636,37.15499,3.956479,90.526192,92.280426,1.861816
2001-09,945.2,25.62,13.5,35.776656,33.788045,2.356638,35.776656,33.788045,2.356638,26.965934,23.495062,4.095033,42.070887,35.999018,10.375087,48.925844,37.50851,4.635092,90.597225,92.420983,1.858931
2001-10,898.0434782608696,20.54,13.5,35.952896,33.842976,2.576765,35.952896,33.842976,2.576765,27.006884,23.42901,4.275592,42.403459,36.315416,10.738248,48.87979,38.038791,6.32412,90.668258,92.561541,1.856056
2001-11,855.2272727272727,18.8,13.5,36.053604,34.160093,3.592213,36.053604,34.160093,3.592213,26.945459,23.379324,2.852415,42.73603,36.631814,11.097472,49.110121,38.710483,8.523282,90.739292,92.702098,1.85319
2001-12,870.1764705882352,18.71,13.5,36.103958,34.47721,4.608727,36.103958,34.47721,4.608727,26.84513,23.35993,2.125098,43.068601,36.948211,11.452823,49.386553,39.664982,11.420016,90.810325,92.842655,1.850332
2002-01,931.3181818181819,19.42,12.5,36.229844,34.794327,5.239702,36.229844,34.794327,5.239702,26.777561,23.059345,0.610673,45.428372,37.264609,11.34455,50.215801,40.336674,12.303151,90.881358,92.983213,1.847484
2002-02,959.55,20.28,12.5,36.280198,35.111444,5.618992,36.280198,35.111444,5.618992,26.812369,22.591119,1.590695,46.319124,38.036057,12.585233,50.822046,40.704449,12.113274,90.952391,93.12377,1.844644
2002-03,1064.75,23.7,12.5,36.758563,35.428561,6.406912,36.758563,35.428561,6.406912,26.857415,22.560452,2.690896,47.209876,38.645378,13.32746,51.331859,41.472829,13.786453,91.023425,93.264328,1.841812
2002-04,1077.4761904761904,25.73,12.5,37.211751,35.745678,7.2758,37.211751,35.745678,7.2758,26.957744,22.652159,1.135065,47.299561,39.338864,14.300584,52.206799,42.25434,15.482588,91.094458,93.404885,1.83899
2002-05,1032.909090909091,25.35,12.5,37.312459,36.062794,7.724501,37.312459,36.062794,7.724501,27.365202,23.310834,2.262944,48.034245,39.701621,14.303788,52.46169,42.569574,15.562524,91.165491,93.545442,1.836176
2002-06,995.0555555555555,24.08,12.5,37.463522,36.379911,8.50368,37.463522,36.379911,8.50368,27.709186,24.002786,3.787563,48.356112,40.333847,15.075749,52.909491,43.34452,17.779318,91.236525,93.686,1.833371
2002-07,988.5652173913044,25.74,12.5,38.672022,36.697028,9.027878,38.672022,36.697028,9.027878,27.565859,24.023765,2.808799,48.836356,40.569098,14.711427,53.749981,43.935592,18.814753,91.307558,93.826557,1.830574
2002-08,1001.7619047619048,26.65,12.5,39.150387,37.014145,9.716459,39.150387,37.014145,9.716459,27.537194,24.158485,2.401649,49.172711,40.742326,14.17975,54.039338,44.697392,20.299835,91.378591,93.967114,1.827786
2002-09,1182.3809523809523,28.4,12.5,39.402158,37.331262,10.486601,39.402158,37.331262,10.486601,27.445055,24.048674,2.356289,49.783108,41.683473,15.790585,54.514701,45.564289,21.477201,91.449624,94.107672,1.825006
2002-10,1365.391304347826,27.54,12.5,39.553221,37.648379,11.244292,39.553221,37.648379,11.244292,27.512624,24.016644,2.508148,50.402054,42.89215,18.110034,55.327629,46.339234,21.820997,91.520658,94.248229,1.822235
2002-11,1460.4285714285713,24.34,12.5,39.830169,37.965496,11.139908,39.830169,37.965496,11.139908,27.63957,24.178011,3.416213,50.821185,43.556513,18.903513,55.988999,46.661034,20.538497,91.591691,94.388786,1.819472
2002-12,1665.9411764705883,28.33,12.5,39.930877,38.282613,11.037445,39.930877,38.282613,11.037445,27.985602,24.681442,5.657176,50.882578,43.525146,17.800413,56.057883,46.818658,18.035244,91.662724,94.529344,1.816717
2003-01,1693.8636363636363,31.18,12.5,40.157471,38.525545,10.723638,40.157471,38.525545,10.723638,28.483152,25.023064,8.515932,51.424072,43.859783,17.698224,56.51257,47.350609,17.388483,91.733758,94.669901,1.813971
2003-02,1673.7,32.77,12.5,40.509951,38.938687,10.900273,40.509951,38.938687,10.900273,28.808708,24.842581,9.966139,51.398259,43.781672,15.105708,56.450573,46.923727,15.279111,91.804791,94.810459,1.811233
2003-03,1849.7619047619048,30.61,12.5,40.68619,39.248544,10.782214,40.68619,39.248544,10.782214,29.576531,25.630247,13.606973,51.704124,43.92184,13.653539,56.781266,47.107614,13.586692,91.875824,94.951016,1.808503
2003-04,2063.55,25.0,12.5,41.240086,39.868258,11.533088,41.240086,39.868258,11.533088,30.094556,26.203161,15.676221,51.818192,44.083407,12.060701,56.912163,47.101048,11.47032,91.946858,95.091573,1.805782
2003-05,2231.2,25.86,12.5,41.491857,40.178115,11.41154,41.491857,40.178115,11.41154,31.445924,28.018325,20.194437,51.908162,44.16956,11.253793,56.912163,47.370307,11.27738,92.017891,95.232131,1.803068
2003-06,2135.904761904762,27.65,13.0,42.045754,40.487972,11.292112,42.045754,40.487972,11.292112,31.517587,28.46015,18.570194,52.162865,44.59711,10.569938,56.808813,47.245526,8.999999,92.088924,95.372688,1.800363
2003-07,2191.913043478261,28.35,13.0,42.020576,40.487972,10.330383,42.020576,40.487972,10.330383,30.573677,27.551948,14.686222,52.15689,44.459804,9.590319,56.519473,47.232395,7.503716,92.159957,95.513245,1.797666
2003-08,2285.95,29.89,13.0,42.196816,40.591257,9.664176,42.196816,40.591257,9.664176,29.814044,26.836273,11.084256,52.314952,44.471182,9.152289,56.643483,47.258673,5.730268,92.230991,95.653803,1.794977
2003-09,2462.8636363636365,27.11,13.0,42.272347,40.591257,8.732615,42.272347,40.591257,8.732615,29.611339,26.590706,10.570364,52.442269,44.668847,7.162009,56.257679,47.192999,3.574533,92.302024,95.79436,1.792296
2003-10,4162.565217391304,29.61,13.0,42.322702,40.487972,7.542404,42.322702,40.487972,7.542404,30.010607,26.943461,12.186618,52.297192,44.265585,3.202066,55.823653,47.422848,2.338437,92.373057,95.934917,1.789623
2003-11,4250.4,28.75,13.0,42.448587,40.487972,6.644127,42.448587,40.487972,6.644127,30.119126,27.089723,12.04281,52.296143,44.19137,1.457547,55.189845,47.75778,2.350453,92.444091,96.075475,1.786958
2003-12,4609.0,29.81,13.0,42.473764,40.591257,6.03053,42.473764,40.591257,6.03053,30.321831,27.444173,11.193555,52.193483,43.832531,0.706226,55.141622,47.573892,1.613104,92.515124,96.216032,1.784301
2004-01,5229.476190476191,31.28,12.0,42.619445,40.694543,5.630027,42.619445,40.694543,5.630027,31.087606,28.09369,12.271183,53.46786,44.18611,0.744022,55.382739,47.974511,1.317622,92.586157,96.35659,1.781652
2004-02,5450.05,30.86,12.0,43.059388,40.901114,5.039788,43.059388,40.901114,5.039788,31.646581,28.131088,13.237379,53.507926,44.163381,0.871846,55.554972,48.059882,2.421281,92.657191,96.497147,1.779011
2004-03,5131.173913043478,33.63,12.0,43.49933,41.314257,5.263158,43.49933,41.314257,5.263158,32.037659,28.489839,11.1571,53.771586,44.459246,1.223552,55.816766,48.112423,2.133007,92.728224,96.637704,1.776377
2004-04,4490.0,33.59,12.0,43.939273,41.933971,5.181347,43.939273,41.933971,5.181347,32.375501,28.860347,10.140707,54.058974,44.64796,1.280647,55.878763,48.112423,2.147245,92.799257,96.778262,1.773752
2004-05,3595.684210526316,37.57,12.0,44.544194,42.037256,4.627249,44.544194,42.037256,4.627249,32.909906,29.755144,6.198866,54.235839,45.01222,1.907785,55.88565,48.184662,1.719126,92.87029,96.918819,1.771134
2004-06,2901.590909090909,35.18,12.0,44.874151,42.347113,4.591837,44.874151,42.347113,4.591837,33.391074,30.719481,7.938577,54.145253,44.883795,0.642833,55.933873,47.928535,1.445659,92.941324,97.059376,1.768523
2004-07,3778.409090909091,38.22,12.0,44.819158,42.037256,3.826531,44.819158,42.037256,3.826531,33.184274,30.706806,11.450578,54.3896,44.757999,0.670708,56.044109,47.652711,0.889891,93.012357,97.199934,1.765921
2004-08,4169.0,42.74,12.0,44.984137,42.140542,3.816794,44.984137,42.140542,3.816794,34.525405,32.586332,21.426444,54.523456,44.678209,0.465531,55.933873,47.56076,0.639222,93.08339,97.340491,1.763326
2004-09,4140.772727272727,43.2,12.0,45.259101,42.243828,4.071247,45.259101,42.243828,4.071247,35.225659,33.458317,25.82711,54.428044,44.561501,-0.240317,55.947662,47.593604,0.848864,93.154424,97.481048,1.760739
2004-10,4539.428571428572,49.78,12.0,45.534065,42.347113,4.591837,45.534065,42.347113,4.591837,35.500028,33.650387,24.892594,54.589115,44.998991,1.656831,56.106106,47.915404,1.038646,93.225457,97.621606,1.758159
2004-11,5308.909090909091,43.11,12.0,45.644051,42.450399,4.846939,45.644051,42.450399,4.846939,35.13352,33.494519,23.6429,54.413378,44.579992,0.879407,56.436799,48.335706,1.21012,93.29649,97.762163,1.755587
2004-12,5518.833333333333,39.6,12.0,45.809029,42.553685,4.834606,45.809029,42.553685,4.834606,35.250229,33.812022,23.202918,54.402982,44.551102,1.639353,56.354126,48.191228,1.297636,93.367523,97.902721,1.753022
2005-01,4501.9,44.51,12.0,46.029,42.65697,4.822335,46.029,42.65697,4.822335,35.710923,33.750519,20.135589,54.817965,44.646137,1.041113,56.52636,48.572135,1.245711,93.438557,98.043278,1.750465
2005-02,4532.25,45.48,12.0,46.193979,42.553685,4.040404,46.193979,42.553685,4.040404,36.056955,33.432591,18.845709,54.664319,44.64921,1.100071,56.553907,48.591833,1.10685,93.50959,98.183835,1.747915
2005-03,4677.9047619047615,53.1,12.0,46.303965,42.553685,3.0,46.303965,42.553685,3.0,36.570884,33.941749,19.13633,54.73421,44.665506,0.46393,56.898374,48.526174,0.859967,93.580623,98.324393,1.745373
2005-04,4532.476190476191,51.88,12.0,46.633922,42.966827,2.463054,46.633922,42.966827,2.463054,37.561887,35.130423,21.725574,54.990993,45.019555,0.832279,57.070607,48.552437,0.914554,93.651657,98.46495,1.742838
2005-05,3667.4,48.65,12.0,47.348828,42.863541,1.965602,47.348828,42.863541,1.965602,37.772783,35.707796,20.005455,54.747385,44.178016,-1.853283,56.932823,48.513028,0.681473,93.72269,98.605507,1.74031
2005-06,2746.090909090909,54.35,12.0,48.063735,43.689827,3.170732,48.063735,43.689827,3.170732,37.36942,35.654143,16.063624,54.912171,44.496186,-0.863584,56.8157,48.276599,0.726213,93.793723,98.746065,1.73779
2005-07,2220.095238095238,57.52,12.0,48.503678,44.412826,5.651106,48.503678,44.412826,5.651106,37.088909,35.57414,15.850993,55.390617,44.968973,0.471366,57.235953,48.644388,2.081051,93.864757,98.886622,1.735277
2005-08,2206.590909090909,63.98,12.0,49.32857,44.825969,6.372549,49.32857,44.825969,6.372549,36.898489,35.580964,9.189838,55.672884,45.197958,1.163317,57.3324,48.703481,2.402655,93.93579,99.027179,1.732772
2005-09,2803.5454545454545,62.91,12.0,49.768513,45.342397,7.334963,49.768513,45.342397,7.334963,36.728544,35.359454,5.682105,56.023221,45.710652,2.5788,57.380624,48.874237,2.690767,94.006823,99.167737,1.730273
2005-10,3161.4285714285716,58.54,12.0,50.648398,45.755539,8.04878,50.648398,45.755539,8.04878,36.820683,35.316329,4.950735,56.163602,46.051111,2.338098,57.449523,48.959608,2.179266,94.077856,99.308294,1.727782
2005-11,2915.5,55.24,12.0,50.813377,46.168682,8.759124,50.813377,46.168682,8.759124,37.256806,35.567412,6.188752,56.294251,46.397385,4.076701,57.43575,49.274842,1.942944,94.14889,99.448852,1.725298
2005-12,2600.0,56.86,12.0,50.978355,46.271968,8.737864,50.978355,46.271968,8.737864,37.91611,36.026684,6.549924,56.353537,46.586586,4.568877,57.490844,49.852768,3.447806,94.219923,99.589409,1.722821
2006-01,2261.7619047619046,62.99,12.0,51.858241,47.201538,10.653753,51.858241,47.201538,10.653753,41.206486,37.435699,10.918882,57.042935,46.77705,4.772894,57.711301,50.305914,3.569493,94.290956,99.729966,1.720351
2006-02,2443.7,60.21,12.0,52.24319,47.717967,12.135922,52.24319,47.717967,12.135922,42.860888,37.419825,11.926192,56.792399,46.633282,4.443691,57.787088,50.43726,3.797815,94.36199,99.870524,1.717888
2006-03,2598.8260869565215,62.06,12.0,52.683133,48.440966,13.834951,52.683133,48.440966,13.834951,43.57138,37.698327,11.067721,57.035339,47.162753,5.590997,57.959321,50.653992,4.384887,94.433023,100.011081,1.715432
2006-04,2465.4444444444443,70.26,12.0,53.288054,49.163966,14.423077,53.288054,49.163966,14.423077,43.139352,37.446207,6.591961,57.102729,47.229061,4.907879,58.097104,50.851011,4.734209,94.504056,100.151638,1.712984
2006-05,2441.8571428571427,69.78,12.0,53.78299,49.78368,16.144578,53.78299,49.78368,16.144578,42.715514,37.605212,5.313731,57.244404,47.537772,7.605041,58.317561,51.094006,5.320175,94.57509,100.292196,1.710542
2006-06,2718.4545454545455,68.56,12.0,54.057954,49.886965,14.184397,54.057954,49.886965,14.184397,41.452189,37.580021,5.401554,57.800162,47.780755,7.381686,58.744701,51.363264,6.39371,94.646123,100.432753,1.708107
2006-07,3049.809523809524,73.67,12.0,54.277925,50.093536,12.790698,54.277925,50.093536,12.790698,40.852264,37.487768,5.379269,58.264864,47.752043,6.188866,59.151165,51.619391,6.115819,94.717156,100.57331,1.705679
2006-08,3686.7272727272725,73.23,12.0,54.607882,50.609965,12.903226,54.607882,50.609965,12.903226,41.143013,37.860962,6.407917,58.764645,48.180427,6.598681,59.557629,51.882083,6.526437,94.788189,100.713868,1.703258
2006-09,4039.1428571428573,61.96,12.0,54.992832,50.71325,11.845103,54.992832,50.71325,11.845103,41.814602,38.09179,7.727316,59.089283,48.724248,6.592764,59.709202,52.414034,7.242665,94.859223,100.854425,1.700844
2006-10,4027.6363636363635,57.81,12.0,55.322789,51.023107,11.512415,55.322789,51.023107,11.512415,42.596757,38.293935,8.431246,59.282643,49.372256,7.211866,60.026105,53.044502,8.343396,94.930256,100.994983,1.698437
2006-11,4190.090909090909,58.76,12.0,55.267796,50.816536,10.067114,55.267796,50.816536,10.067114,42.711419,38.478819,8.185602,59.57257,50.14222,8.07122,60.026105,53.22839,8.023461,95.001289,101.13554,1.696036
2006-12,4335.8125,62.47,12.0,55.322789,50.71325,9.598214,55.322789,50.71325,9.598214,43.827321,39.554414,9.791994,59.753292,50.520464,8.444227,60.260336,53.31376,6.942427,95.072323,101.276097,1.693642
2007-01,4461.681818181818,53.68,12.0,55.707739,51.229679,8.533917,55.707739,51.229679,8.533917,45.193022,39.744784,6.168138,60.259249,50.851016,8.709328,60.701249,54.187223,7.715413,95.143356,101.416655,1.691255
2007-02,4397.75,57.56,12.0,56.037696,51.746107,8.441558,56.037696,51.746107,8.441558,45.780662,38.972484,4.149294,60.453105,51.056573,9.485265,60.625463,54.141247,7.343752,95.214389,101.557212,1.688875
2007-03,5123.136363636364,62.05,12.0,56.092689,52.469106,8.315565,56.092689,52.469106,8.315565,46.130789,38.856652,3.072616,60.76013,51.658042,9.531437,61.045716,54.463047,7.519754,95.285423,101.697769,1.686501
2007-04,5753.684210526316,67.49,12.0,56.587624,53.08882,7.983193,56.587624,53.08882,7.983193,45.580004,38.440941,2.656436,61.271059,52.617532,11.409228,61.5624,55.132925,8.420508,95.356456,101.838327,1.684135
2007-05,6402.238095238095,67.21,12.0,57.192545,54.121676,8.713693,57.192545,54.121676,8.713693,45.420297,38.649659,2.7774,61.607587,53.238059,11.991069,61.84487,55.710851,9.035982,95.427489,101.978884,1.681774
2007-06,5772.142857142857,71.05,12.0,57.577495,55.670961,11.594203,57.577495,55.670961,11.594203,46.055031,39.604616,5.387426,61.779994,53.474105,11.915572,62.285784,56.058914,9.142039,95.498522,102.119441,1.679421
2007-07,6572.136363636364,76.93,12.0,58.402388,56.600532,12.989691,58.402388,56.600532,12.989691,46.390825,40.186112,7.197933,62.33123,54.040664,13.169324,62.823144,56.669684,9.783714,95.569556,102.259999,1.677074
2007-08,7195.090909090909,70.76,12.0,58.567366,57.013674,12.653061,58.567366,57.013674,12.653061,46.231118,40.4829,6.925174,62.704314,54.703767,13.539398,63.222721,57.470908,10.772167,95.640589,102.400556,1.674733
2007-09,8574.05,77.17,12.0,58.732345,57.11696,12.627291,58.732345,57.11696,12.627291,46.716382,40.861978,7.2724,63.010738,55.187707,13.265384,63.580961,58.521678,11.652687,95.711622,102.541114,1.672399
2007-10,10425.91304347826,82.34,12.0,59.337266,57.633388,12.955466,59.337266,57.633388,12.955466,47.091079,41.011553,7.096731,63.533796,55.852146,13.124557,64.166545,59.480511,12.133226,95.782656,102.681671,1.670071
2007-11,10542.681818181818,92.41,12.0,59.502244,58.459673,15.04065,59.502244,58.459673,15.04065,47.764716,41.550114,7.98178,62.668189,56.849359,13.376231,64.366342,60.058437,12.831588,95.853689,102.822228,1.66775
2007-12,9854.125,90.93,12.0,59.832201,58.562959,15.478615,59.832201,58.562959,15.478615,49.101751,42.511485,7.475957,63.053408,57.114041,13.051299,64.821029,60.307998,13.119011,95.924722,102.962786,1.665436
2008-01,7169.818181818182,92.18,12.0,60.38213,60.525386,18.145161,60.38213,60.525386,18.145161,54.799395,43.96966,10.630013,64.043297,58.497851,15.037723,65.723517,61.339071,13.198402,95.995755,103.103343,1.663128
2008-02,6874.238095238095,94.99,12.0,61.097036,61.248386,18.363273,61.097036,61.248386,18.363273,54.642718,44.763908,14.86029,64.202912,58.79827,15.162978,65.88075,61.483059,13.560477,96.066789,103.2439,1.660826
2008-03,8062.578947368421,103.64,12.0,61.646965,61.8681,17.913386,61.646965,61.8681,17.913386,55.213023,45.427847,16.911379,64.935161,59.561777,15.300107,66.82415,62.490978,14.740143,96.137822,103.384458,1.65853
2008-04,8286.863636363636,109.07,12.0,62.9118,62.900956,18.48249,62.9118,62.900956,18.48249,56.773527,47.224924,22.850591,65.968127,61.211054,16.33205,67.29585,63.21092,14.651854,96.208855,103.525015,1.656241
2008-05,10843.65,122.8,12.0,64.121642,64.140384,18.51145,64.121642,64.140384,18.51145,58.227491,48.488806,25.457266,66.559915,61.733528,15.957511,67.767549,64.362828,15.530146,96.279889,103.665572,1.653958
2008-06,10245.095238095239,132.32,12.0,65.881413,65.792954,18.181818,65.881413,65.792954,18.181818,58.891802,48.634982,22.801297,67.168789,62.456171,16.797039,68.710949,65.514735,16.867649,96.350922,103.80613,1.651682
2008-07,8935.739130434782,132.72,12.0,67.146248,67.032382,18.430657,67.146248,67.032382,18.430657,59.142485,48.534819,20.775104,68.781097,63.929352,18.298604,69.811582,66.666642,17.640752,96.421955,103.946687,1.649412
2008-08,7402.5,113.24,12.0,67.366219,67.755381,18.84058,67.366219,67.755381,18.84058,60.095082,49.257919,21.675866,69.258843,64.609777,18.10846,70.283282,67.386585,17.253385,96.492989,104.087245,1.647148
2008-09,4975.090909090909,97.23,12.0,66.981269,68.788238,20.433996,66.981269,68.788238,20.433996,60.728058,49.907216,22.136075,69.685582,65.450194,18.595603,70.597749,68.394504,16.870374,96.564022,104.227802,1.64489
2008-10,1807.5217391304348,71.58,12.0,67.091255,72.093378,25.089606,67.091255,72.093378,25.089606,60.941139,50.307812,22.667416,70.003021,65.861058,17.920372,70.912215,68.970457,15.954715,96.635055,104.368359,1.642638
2008-11,818.95,52.45,12.0,69.016004,72.609806,24.204947,69.016004,72.609806,24.204947,62.000276,51.469626,23.87361,70.345454,66.530335,17.029174,70.912215,69.402423,15.558155,96.706088,104.508917,1.640393
2008-12,743.0,39.95,12.0,68.026133,73.22952,25.044092,68.026133,73.22952,25.044092,62.276028,51.42801,20.974391,70.09316,66.545773,16.513859,70.754982,69.690399,15.557474,96.777122,104.649474,1.638153
2009-01,904.5238095238095,43.44,12.0,68.081126,74.055805,22.354949,68.081126,74.055805,22.354949,62.044146,51.88894,18.010781,71.450497,67.434001,15.27603,71.226682,71.130284,15.962441,96.848155,104.790031,1.63592
2009-02,1815.85,43.32,12.0,68.246105,74.262377,21.247892,68.246105,74.262377,21.247892,62.670854,53.161678,18.760136,71.556284,67.937915,15.544073,71.855615,71.274272,15.925059,93.923211,100.746121,-2.4193
2009-03,1957.8181818181818,46.54,12.0,68.851026,75.191947,21.535893,68.851026,75.191947,21.535893,63.273485,54.114458,19.121776,72.091011,68.654689,15.266354,72.956248,71.706237,14.746544,90.998266,95.11981,-7.994091
2009-04,1659.15,50.18,12.0,69.290968,75.501804,20.032841,69.290968,75.501804,20.032841,63.822751,55.135133,16.750075,72.459659,68.808856,12.412468,73.270715,71.994214,13.895216,90.023285,92.306655,-10.836376
2009-05,2537.6315789473683,57.3,12.0,69.51094,75.708376,18.035427,69.51094,75.708376,18.035427,63.823102,55.035525,13.501506,72.73378,69.255927,12.185273,73.427948,72.282191,12.304251,89.210801,91.603366,-11.635691
2009-06,3822.5454545454545,68.61,12.0,70.500811,75.811661,15.22763,70.500811,75.811661,15.22763,63.955777,54.901631,12.885065,74.305909,69.62473,11.477743,73.742415,72.138203,10.10989,89.698291,90.372611,-12.940969
2009-07,3361.8695652173915,64.44,12.0,71.160725,76.947803,14.791988,71.160725,76.947803,14.791988,64.131462,55.060906,13.446196,74.882193,69.432,8.60739,74.371348,71.706237,7.559395,90.510776,90.548433,-12.889544
2009-08,2684.65,72.51,12.0,71.490682,77.051089,13.719512,71.490682,77.051089,13.719512,64.513578,55.631228,12.938649,75.538176,70.97929,9.858435,74.685814,71.850226,6.623932,90.998266,90.548433,-13.007176
2009-09,2351.409090909091,67.65,12.0,71.65566,76.947803,11.861862,71.65566,76.947803,11.861862,64.816453,55.84019,11.888009,75.530038,70.552637,7.795918,74.843048,71.850226,5.052632,90.510776,89.4935,-14.136633
2009-10,2745.681818181818,72.77,12.0,71.710653,76.947803,6.733524,71.710653,76.947803,6.733524,64.975635,55.980612,11.276181,75.732929,71.101316,7.956535,74.843048,72.42618,5.010438,91.160763,89.845144,-13.915343
2009-11,3940.5714285714284,76.66,12.0,71.930624,77.051089,6.116643,71.930624,77.051089,6.116643,65.098909,56.16626,9.125059,75.773724,70.732039,6.315471,74.843048,72.282191,4.149378,91.160763,90.020967,-13.862884
2009-12,3572.3888888888887,74.46,12.0,71.985617,76.637946,4.654443,71.985617,76.637946,4.654443,65.592009,56.556428,9.972033,75.648947,70.23065,5.537357,75.157514,72.138203,3.512397,91.648254,90.548433,-13.474545
2010-01,3168.35,76.17,12.0,72.260581,76.689589,3.556485,72.260581,76.689589,3.556485,65.734984,56.691132,9.254752,76.767999,71.179445,5.554238,75.314748,72.570168,2.024291,92.298242,92.130833,-12.080537
2010-02,2677.85,73.75,12.0,72.426174,76.689589,3.268428,72.426174,76.689589,3.268428,65.915849,57.014982,7.248273,77.088978,71.743349,5.601341,75.786447,72.42618,1.616162,93.110726,93.889055,-6.806283
2010-03,3206.8260869565215,78.83,12.0,72.922953,77.350617,2.870879,72.922953,77.350617,2.870879,65.783847,56.544961,4.491411,77.172557,71.760932,4.524445,76.415381,72.42618,1.004016,94.248205,96.174744,1.109057
2010-04,3040.6190476190477,84.82,12.0,74.237346,78.362817,3.78933,74.237346,78.362817,3.78933,66.157491,57.22303,3.78687,77.074667,71.449067,3.837021,76.415381,72.570168,0.8,94.248205,97.053855,5.142857
2010-05,3838.0526315789475,75.95,12.0,74.951465,79.178773,4.583902,74.951465,79.178773,4.583902,66.297376,57.477338,4.436795,77.18542,71.032879,2.565776,76.572614,72.714156,0.59761,94.573198,97.581321,6.525912
2010-06,3088.0,74.76,12.0,75.945022,79.230416,4.509537,75.945022,79.230416,4.509537,66.186542,57.301287,4.370827,77.221151,71.056468,2.056365,76.572614,72.42618,0.399202,94.410701,97.053855,7.392996
2010-07,1909.7272727272727,75.58,12.0,76.22446,79.385345,3.167785,76.22446,79.385345,3.167785,66.418489,57.574197,4.564565,78.11681,72.127704,3.88251,77.201547,72.570168,1.204819,94.410701,97.053855,7.184466
2010-08,2432.3333333333335,77.04,12.0,76.276208,79.581587,3.284182,76.276208,79.581587,3.284182,66.590052,58.677076,5.475068,78.014776,71.952233,1.370741,77.201547,73.002133,1.603206,94.248205,97.053855,7.184466
2010-09,2719.4545454545455,77.84,12.0,76.659141,79.529944,3.355705,76.659141,79.529944,3.355705,66.894171,59.012536,5.681115,78.150906,72.398108,2.615736,77.201547,72.858145,1.402806,94.248205,97.053855,8.447937
2010-10,2693.3333333333335,82.67,12.0,76.824734,79.529944,3.355705,76.824734,79.529944,3.355705,67.038669,59.130844,5.627363,78.017748,72.190045,1.531235,77.35878,73.146122,0.994036,94.573198,97.405499,8.414873
2010-11,2321.318181818182,85.28,12.0,77.042075,79.788159,3.552279,77.042075,79.788159,3.552279,67.598713,59.932314,6.70519,78.203119,72.530565,2.542732,77.516014,73.146122,1.195219,94.898192,98.812077,9.765625
2010-12,2030.9444444444443,91.45,12.0,77.321513,79.984401,4.366577,77.321513,79.984401,4.366577,68.549353,60.987948,7.835573,77.963833,71.773538,2.196888,77.673247,73.29011,1.596806,94.573198,97.229677,7.378641
2011-01,1401.8,96.52,12.0,77.983884,80.294258,4.700337,77.983884,80.294258,4.700337,69.295955,61.541847,8.55639,79.281881,72.02868,1.193089,78.144947,75.017971,3.373016,95.54818,98.460432,6.870229
2011-02,1181.1,103.72,12.0,78.584158,80.748715,5.292929,78.584158,80.748715,5.292929,70.228043,62.612284,9.817249,79.398659,72.027435,0.395974,78.459413,75.017971,3.578529,96.035671,98.812077,5.243446
2011-03,1492.695652173913,114.64,12.0,79.080937,81.461386,5.314461,79.080937,81.461386,5.314461,71.832159,65.078889,15.092287,79.97367,72.973303,1.689458,79.402813,75.881902,4.771372,96.685658,99.515365,3.473492
2011-04,1342.5555555555557,123.26,12.0,80.291835,83.44447,6.484777,80.291835,83.44447,6.484777,74.132685,68.175712,19.14034,80.735628,74.262141,3.937174,79.71728,76.02589,4.761905,96.848155,100.042832,3.07971
2011-05,1352.4,114.99,12.0,81.171547,84.146813,6.274459,81.171547,84.146813,6.274459,74.88212,69.044885,20.125405,81.122606,74.932962,5.490532,80.031746,77.177798,6.138614,97.010652,99.86701,2.342342
2011-06,1433.2272727272727,113.83,12.0,81.937414,84.559955,6.726633,81.937414,84.559955,6.726633,75.773806,70.206062,22.520917,81.323453,75.264091,5.921519,80.503446,77.465775,6.95825,97.173149,100.042832,3.07971
2011-07,1365.5238095238096,116.97,12.0,82.103007,84.756198,6.765548,82.103007,84.756198,6.765548,76.736394,71.405084,24.022718,81.819003,75.727825,4.991314,81.132379,78.041728,7.539683,97.335646,100.394476,3.442029
2011-08,1386.9545454545455,110.22,12.0,82.930971,85.220983,7.086308,82.930971,85.220983,7.086308,77.693085,72.678146,23.861226,82.13306,76.251121,5.974642,81.132379,78.185717,7.100592,97.498143,100.394476,3.442029
2011-09,1840.409090909091,112.83,12.0,83.262157,85.67544,7.727273,83.262157,85.67544,7.727273,78.482167,73.391793,24.366446,82.146008,76.207126,5.261212,81.761313,79.049647,8.498024,98.310627,100.921943,3.985507
2011-10,2072.4761904761904,109.55,12.0,83.593342,86.18154,8.363636,83.593342,86.18154,8.363636,79.717327,74.625184,26.203482,82.825731,77.260474,7.023723,82.233012,80.63352,10.23622,98.473124,101.097765,3.790614
2011-11,1835.3181818181818,110.77,12.0,84.141869,86.635997,8.582524,84.141869,86.635997,8.582524,80.926295,75.63686,26.203804,83.088444,77.731829,7.171133,82.233012,81.065485,10.826772,98.960615,102.504343,3.736655
2011-12,1868.8235294117646,107.87,12.0,84.410957,87.193739,9.01343,84.410957,87.193739,9.01343,81.52842,76.223793,24.98173,83.730809,78.991011,10.055897,82.547479,81.497451,11.198428,99.123112,102.855987,5.786618
2012-01,1039.3809523809523,110.69,12.0,84.855988,87.451953,8.91433,84.855988,87.451953,8.91433,81.983343,76.665098,24.573932,84.667765,79.360459,10.178972,82.861946,82.649358,10.172745,99.610602,103.207632,4.821429
2012-02,702.6190476190476,119.33,12.0,85.073328,87.958053,8.928115,85.073328,87.958053,8.928115,81.94985,76.431894,22.071723,85.313893,80.206456,11.355426,83.333646,82.361381,9.788868,100.098093,103.735098,4.982206
2012-03,858.9545454545455,125.45,12.0,85.456262,88.619081,8.786611,85.456262,88.619081,8.786611,83.047222,78.297319,20.311394,85.747577,80.651032,10.521285,84.277045,82.50537,8.728653,100.585584,104.614209,5.123675
2012-04,1020.5263157894736,119.75,12.0,86.284226,89.837852,7.661839,86.284226,89.837852,7.661839,83.814055,79.248525,16.241581,86.039497,81.062332,9.157008,84.748745,82.50537,8.522727,100.748081,104.790031,4.745167
2012-05,1103.695652173913,110.34,12.0,87.433027,90.550522,7.610163,87.433027,90.550522,7.610163,84.033941,79.107419,14.573902,86.252872,81.092013,8.219414,84.748745,82.50537,6.902985,100.748081,104.438387,4.577465
2012-06,937.421052631579,95.16,12.0,87.878057,91.159908,7.805057,87.878057,91.159908,7.805057,83.387828,77.597493,10.528196,86.066085,80.43317,6.867923,85.063212,82.217393,6.133829,101.073075,104.790031,4.745167
2012-07,1056.4545454545455,102.62,12.0,88.157495,91.562722,8.030709,88.157495,91.562722,8.030709,82.676031,76.135115,6.624222,86.95093,81.891274,8.13895,85.063212,82.217393,5.350554,101.235571,104.790031,4.378284
2012-08,758.9130434782609,113.36,12.0,88.426584,91.86225,7.792995,88.426584,91.86225,7.792995,82.42116,75.307712,3.618097,87.179964,81.763252,7.228918,85.534912,82.073404,4.972376,101.073075,104.614209,4.203152
2012-09,707.05,112.86,12.0,89.140703,92.22375,7.643159,89.140703,92.22375,7.643159,82.657309,75.527515,2.910029,87.914564,83.106834,9.053889,86.163845,83.657277,5.82878,101.560565,105.844965,4.878049
2012-10,952.4347826086956,111.71,12.0,89.523636,92.781492,7.658198,89.523636,92.781492,7.658198,83.014739,75.699822,1.440047,88.74029,84.846226,9.818413,86.792778,85.673115,6.25,101.885559,106.196609,5.043478
2012-11,1024.6363636363637,109.06,12.0,90.403348,93.081021,7.439199,90.403348,93.081021,7.439199,83.55827,76.946932,1.732054,89.34311,85.938871,10.558149,86.950011,86.825022,7.104796,101.885559,106.548253,3.945111
2012-12,855.6875,109.49,12.0,90.682786,93.494163,7.225776,90.682786,93.494163,7.225776,84.137617,77.539473,1.726075,89.075239,85.062198,7.685921,87.264478,86.825022,6.537102,102.048056,106.724076,3.760684
2013-01,770.5909090909091,112.96,12.0,91.231313,94.000263,7.487894,91.231313,94.000263,7.487894,84.99303,78.503983,2.398595,89.915765,85.318406,7.50745,87.578944,87.544965,5.923345,102.210553,107.07572,3.747871
2013-02,744.95,116.05,12.0,91.396905,94.403077,7.327384,91.396905,94.403077,7.327384,85.599919,79.51476,4.033481,90.282855,85.81281,6.989904,88.365111,87.112999,5.769231,103.185534,108.65812,4.745763
2013-03,876.1,108.47,12.0,91.893684,94.960819,7.156177,91.893684,94.960819,7.156177,86.460853,80.588819,2.926665,90.785946,86.219972,6.904982,89.465744,86.969011,5.410122,103.348031,109.009764,4.201681
2013-04,874.0,102.25,12.0,92.493958,95.270676,6.047367,92.493958,95.270676,6.047367,87.285195,82.077495,3.569745,91.081004,86.565339,6.788613,89.622977,87.400976,5.933682,103.185534,108.482298,3.52349
2013-05,851.3809523809524,102.56,12.0,92.773396,95.570205,5.543515,92.773396,95.570205,5.543515,87.438772,82.49201,4.278475,91.212584,86.766942,6.998136,89.465744,87.400976,5.933682,103.023037,108.130653,3.535354
2013-06,940.5,102.92,12.0,92.990737,95.725133,5.007931,92.990737,95.725133,5.007931,87.482952,82.639161,6.497205,91.439501,87.036006,8.209096,89.622977,87.400976,6.304729,102.860541,107.779009,2.852349
2013-07,1123.1304347826087,107.93,12.0,93.15633,95.828419,4.65877,93.15633,95.828419,4.65877,87.656355,82.558694,8.437078,92.073841,87.10083,6.361551,90.566377,87.688953,6.654991,102.535547,106.548253,1.677852
2013-08,1088.095238095238,111.28,12.0,93.37367,96.17959,4.699798,93.37367,96.17959,4.699798,87.922614,82.639159,9.735322,92.435153,87.681569,7.238358,90.880844,88.120918,7.368421,102.37305,105.669142,1.008403
2013-09,1680.5238095238096,111.6,12.0,93.60136,96.530761,4.670176,93.60136,96.530761,4.670176,89.507505,85.006921,12.55093,92.700448,88.064823,5.965802,91.352544,88.84086,6.196213,102.37305,105.49332,-0.332226
2013-10,1883.1739130434783,109.08,12.0,93.818701,96.788975,4.31927,93.818701,96.788975,4.31927,89.460724,84.806284,12.029701,93.062155,88.944679,4.830448,91.509777,89.560803,4.537815,102.37305,105.49332,-0.662252
2013-11,1558.857142857143,107.79,12.0,94.149887,97.047189,4.260985,94.149887,97.047189,4.260985,89.706439,85.1469,10.656654,93.30238,89.620137,4.283587,91.66701,90.280745,3.9801,102.535547,104.790031,-1.650165
2013-12,2178.0588235294117,110.76,12.0,94.418975,97.140146,3.899691,94.418975,97.140146,3.899691,90.152199,85.612073,10.410955,93.434145,90.237261,6.083857,91.824243,90.280745,3.9801,102.37305,104.438387,-2.14168
2014-01,1472.409090909091,108.12,12.0,95.195192,97.398361,3.614987,95.195192,97.398361,3.614987,91.122194,86.465947,10.142114,94.310792,91.289999,6.999184,92.453177,91.864617,4.934211,102.535547,104.965854,-1.970443
2014-02,1139.85,108.9,12.0,95.629873,97.749532,3.544858,95.629873,97.749532,3.544858,91.468702,86.779662,9.136545,94.954751,91.999659,7.209702,93.55381,92.296583,5.950413,102.698044,105.141676,-3.236246
2014-03,1484.142857142857,107.48,12.0,95.961058,98.007746,3.208614,95.961058,98.007746,3.208614,91.880099,87.267179,8.286955,95.539062,93.628138,8.59217,94.654443,93.736467,7.781457,102.37305,104.965854,-3.709677
2014-04,1045.35,107.76,12.0,96.726925,98.358917,3.241544,96.726925,98.358917,3.241544,92.878297,88.714342,8.086074,96.455378,94.279545,8.911426,95.283376,95.032363,8.731466,103.023037,104.438387,-3.727715
2014-05,992.6666666666666,109.54,12.0,96.954616,98.617131,3.188155,96.954616,98.617131,3.188155,93.820432,89.823203,8.887154,96.742577,95.350604,9.892779,95.440609,95.752305,9.555189,102.860541,104.086743,-3.739837
2014-06,911.5714285714286,111.8,12.0,97.223704,98.77206,3.182995,97.223704,98.77206,3.182995,93.95037,89.589041,8.409911,97.034639,95.808764,10.079457,95.755076,95.896293,9.719934,102.860541,104.086743,-3.425775
2014-07,795.5652173913044,106.77,12.0,97.337549,98.916659,3.222677,97.337549,98.916659,3.222677,94.38098,90.037347,9.058589,97.195964,94.910209,8.965907,96.541242,95.752305,9.195402,102.860541,103.559276,-2.805281
2014-08,937.1,101.61,12.0,97.606637,98.968302,2.899485,97.606637,98.968302,2.899485,95.272032,91.60879,10.853971,97.439992,95.197141,8.571439,96.855709,96.472247,9.477124,102.535547,102.680165,-2.828619
2014-09,1122.7272727272727,97.09,12.0,97.77223,99.123231,2.685641,97.77223,99.123231,2.685641,95.412472,92.143586,8.395393,97.59371,95.42699,8.35994,96.855709,96.472247,8.589951,102.535547,102.328521,-3.0
2014-10,1100.9565217391305,87.43,12.0,97.886075,99.226516,2.518408,97.886075,99.226516,2.518408,95.209233,91.730456,8.164692,97.710384,95.578833,7.458742,97.012942,96.472247,7.717042,102.37305,102.152698,-3.166667
2014-11,1332.15,79.44,12.0,98.165513,99.474402,2.501064,98.165513,99.474402,2.501064,95.166216,91.56579,7.538606,97.929002,96.096,7.225902,97.012942,96.904212,7.336523,101.723062,101.976876,-2.684564
2014-12,909.6111111111111,62.34,12.0,97.937823,99.62933,2.562467,97.937823,99.62933,2.562467,95.578348,92.213176,7.710481,97.763725,96.58445,7.033889,96.855709,96.616236,7.017544,101.560565,101.625232,-2.693603
2015-01,725.1904761904761,47.76,12.0,98.71404,99.62933,2.290562,98.71404,99.62933,2.290562,96.157799,93.101516,7.674199,98.518149,97.221561,6.497494,96.698475,97.480166,6.112853,101.235571,101.976876,-2.847571
2015-02,542.4444444444445,58.1,12.0,98.331106,99.835902,2.134404,98.331106,99.835902,2.134404,96.598536,94.326158,8.696157,98.352608,98.062113,6.589649,97.327409,97.912131,6.084243,101.235571,102.152698,-2.842809
2015-03,575.9545454545455,55.89,12.0,98.651942,99.835902,1.865318,98.651942,99.835902,1.865318,97.679681,96.827732,10.955497,98.789346,98.773853,5.495907,98.585275,98.632074,5.222734,101.235571,101.976876,-2.847571
2015-04,591.35,59.52,12.0,99.697247,99.835902,1.501628,99.697247,99.835902,1.501628,99.456056,100.619416,13.41956,99.281816,99.167177,5.184191,99.528675,99.208027,4.393939,100.26059,101.44941,-2.861953
2015-05,597.0,64.08,12.0,99.86284,99.887545,1.288228,99.86284,99.887545,1.288228,100.263556,101.682715,13.203172,99.65156,99.617657,4.475119,99.685908,99.783981,4.210526,100.098093,101.097765,-2.871622
2015-06,699.0454545454545,61.48,12.0,100.256123,99.784259,1.024783,100.256123,99.784259,1.024783,100.558615,101.580835,13.385336,99.990365,99.75326,4.117052,100.157608,99.783981,4.054054,99.935596,100.570299,-3.378378
2015-07,975.3478260869565,56.56,12.0,100.359619,99.887545,0.981518,100.359619,99.887545,0.981518,100.630721,100.968493,12.140679,100.387203,99.934346,5.293568,101.101008,99.783981,4.210526,99.935596,99.691188,-3.735144
2015-08,1065.55,46.52,12.0,100.525211,100.042473,1.085368,100.525211,100.042473,1.085368,100.837906,100.703442,9.927707,100.70495,100.445123,5.512752,101.101008,100.503923,4.179104,99.610602,98.987899,-3.59589
2015-09,888.6818181818181,47.62,12.0,100.690804,100.187073,1.073252,100.690804,100.187073,1.073252,101.105731,101.184752,9.81204,100.837315,100.880078,5.714409,101.101008,100.647912,4.328358,99.285609,98.460432,-3.780069
2015-10,793.0,48.43,12.0,100.970242,100.393644,1.176226,100.970242,100.393644,1.176226,101.608609,102.072152,11.274004,100.999887,101.650073,6.352075,101.415474,101.367854,5.074627,98.960615,97.932966,-4.130809
2015-11,582.2380952380952,44.27,12.0,101.02199,100.342001,0.872184,101.02199,100.342001,0.872184,102.135072,103.170575,12.673713,101.172799,102.387582,6.547185,101.572708,102.231784,5.497771,99.123112,98.108788,-3.793103
2015-12,519.1666666666666,38.01,12.0,100.970242,100.342001,0.715322,100.970242,100.342001,0.715322,103.231327,104.438893,13.258103,101.377295,102.24893,5.864796,101.887174,102.807738,6.408346,99.123112,97.757143,-3.806228
2016-01,386.3,30.7,12.0,101.353176,100.796458,1.17147,101.353176,100.796458,1.17147,103.636514,104.931799,12.706863,103.778696,103.171547,6.120027,102.673341,104.535599,7.237814,99.123112,97.932966,-3.965517
2016-02,306.9047619047619,32.18,12.0,101.291078,101.405843,1.572522,101.291078,101.405843,1.572522,103.202707,104.485058,10.769972,104.395931,105.152988,7.231003,104.08844,107.127391,9.411765,98.960615,97.932966,-4.130809
2016-03,383.3333333333333,38.21,12.0,101.684361,101.7157,1.882888,101.684361,101.7157,1.882888,103.982687,105.939055,9.409829,105.206764,108.377746,9.723113,105.03184,109.143229,10.656934,98.798118,97.757143,-4.137931
2016-04,607.4761904761905,41.58,12.0,102.543374,102.511,2.679495,102.543374,102.511,2.679495,104.701968,107.501792,6.840008,105.839198,110.121522,11.046341,105.97524,111.447044,12.33672,98.635621,97.405499,-3.986135
2016-05,619.9,46.74,12.0,102.677919,102.603957,2.719471,102.677919,102.603957,2.719471,105.279235,108.381243,6.587677,106.37365,111.729197,12.158025,106.132473,111.735021,11.976912,98.310627,96.878032,-4.173913
2016-06,607.8636363636364,48.25,12.0,102.895259,102.325086,2.54632,102.895259,102.325086,2.54632,106.389016,110.612932,8.891537,106.721043,111.031687,11.306324,106.761406,111.735021,11.976912,98.635621,96.526388,-4.020979
2016-07,707.4285714285714,44.95,12.0,103.050502,102.572971,2.68845,103.050502,102.572971,2.68845,107.066887,111.850218,10.777348,107.406923,112.163014,12.236703,107.704806,112.310974,12.554113,98.310627,95.998921,-3.703704
2016-08,672.9090909090909,45.84,12.0,103.216095,102.934471,2.89077,103.216095,102.934471,2.89077,107.1462,111.633061,10.853272,107.585073,111.967371,11.471187,107.547573,113.318893,12.750716,98.310627,95.647277,-3.374778
2016-09,827.7727272727273,46.57,12.0,103.495533,103.285642,3.092784,103.495533,103.285642,3.092784,107.515433,112.251405,10.937076,107.798854,112.93708,11.951817,107.704806,113.462882,12.732475,97.985633,95.647277,-2.857143
2016-10,868.4761904761905,49.52,12.0,103.702524,103.667799,3.261317,103.702524,103.667799,3.261317,108.184969,113.332912,11.032157,108.330633,113.564839,11.721356,108.176506,114.326812,12.784091,98.14813,95.998921,-1.974865
2016-11,1071.8181818181818,44.73,12.0,103.909515,104.184227,3.82913,103.909515,104.184227,3.82913,108.955478,114.656475,11.132922,108.598174,114.266276,11.601694,108.648206,114.902766,12.394366,98.14813,96.526388,-1.612903
2016-12,1049.5294117647059,53.31,12.0,104.013011,104.318499,3.962944,104.013011,104.318499,3.962944,109.786108,116.160845,11.223742,108.775601,114.988466,12.459334,108.962672,115.910685,12.745098,98.14813,96.878032,-0.899281
2017-01,907.1428571428571,54.58,12.0,104.530489,105.248069,4.416436,104.530489,105.248069,4.416436,110.883813,118.09099,12.540708,112.286795,116.835519,13.243934,109.748839,117.638546,12.534435,98.473124,97.757143,-0.179533
2017-02,759.45,54.87,12.0,104.73748,105.661212,4.196374,104.73748,105.661212,4.196374,112.79381,121.730132,16.504823,112.489156,117.081753,11.344201,110.849472,118.358488,10.483871,98.960615,99.163721,1.256732
2017-03,1141.391304347826,51.59,12.0,105.254957,106.17764,4.386677,105.254957,106.17764,4.386677,114.67302,125.597199,18.556088,112.621624,116.330686,7.338167,111.478405,118.934442,8.970976,98.960615,98.987899,1.258993
2017-04,1221.8333333333333,52.31,12.0,106.082922,106.487497,3.879093,106.082922,106.487497,3.879093,116.721269,130.060276,20.984286,112.914536,116.492871,5.785744,111.635638,118.790454,6.589147,99.123112,98.636254,1.263538
2017-05,973.1428571428571,50.33,12.0,106.289913,106.797354,4.086974,106.289913,106.797354,4.086974,117.592508,131.704737,21.519862,113.054839,115.9022,3.734926,111.792872,119.366407,6.829897,99.123112,98.636254,1.814882
2017-06,860.2272727272727,46.37,12.0,106.496904,106.694068,4.269708,106.496904,106.694068,4.269708,116.183544,128.101772,15.810845,113.210756,116.139596,4.600407,112.107338,119.366407,6.829897,98.798118,98.28461,1.821494
2017-07,906.047619047619,48.48,12.0,106.600399,107.003925,4.319807,106.600399,107.003925,4.319807,115.063281,125.481947,12.187486,113.255995,116.952617,4.270216,112.264572,119.510396,6.410256,98.473124,97.932966,2.014652
2017-08,1141.7727272727273,51.7,12.0,106.703895,106.90064,3.853101,106.703895,106.90064,3.853101,115.766777,126.784539,13.572573,113.354718,117.108431,4.59157,112.421805,119.222419,5.209657,98.473124,97.405499,1.838235
2017-09,1363.5238095238096,56.15,12.0,106.80739,106.17764,2.8,106.80739,106.17764,2.8,115.101198,125.157872,11.497822,113.797533,117.684754,4.203822,112.893505,119.222419,5.076142,98.798118,98.108788,2.573529
2017-10,1484.2272727272727,57.51,12.0,106.80739,106.17764,2.421042,106.80739,106.17764,2.421042,114.375152,122.930872,8.46882,113.924883,117.816751,3.744039,113.365205,119.942361,4.911839,100.26059,100.218654,4.395604
2017-11,1453.8636363636363,62.71,12.0,107.014381,105.971069,1.715079,107.014381,105.971069,1.715079,114.111091,121.290851,5.786307,114.219298,117.646377,2.958092,113.365205,120.374326,4.761905,101.073075,101.976876,5.64663
2017-12,1618.6875,64.37,12.0,107.324868,105.454641,1.089109,107.324868,105.454641,1.089109,114.721597,121.591737,4.675321,114.39646,117.774322,2.422727,113.836904,120.806292,4.223602,101.560565,103.383454,6.715064
2018-01,1242.0,69.08,12.0,107.73885,105.661212,0.392542,107.73885,105.661212,0.392542,116.234886,123.648316,4.70597,116.278845,119.151934,1.982629,114.465838,122.246176,3.916769,101.885559,103.735098,6.115108
2018-02,1124.6,65.32,12.0,108.049337,106.074354,0.391007,108.049337,106.074354,0.391007,117.820223,126.397944,3.834557,116.448257,119.457584,2.029206,115.094771,122.390164,3.406326,101.885559,103.559276,4.432624
2018-03,1154.2380952380952,66.02,12.0,108.256328,106.17764,0.0,108.256328,106.17764,0.0,119.461382,128.349124,2.191072,116.579616,119.520224,2.741786,115.566471,122.390164,2.905569,101.723062,103.559276,4.618117
2018-04,1128.9,72.11,12.0,109.705265,106.280926,-0.193986,109.705265,106.280926,-0.193986,121.069261,130.392453,0.255402,116.957926,119.828905,2.863723,116.352637,122.82213,3.393939,101.723062,103.559276,4.991087
2018-05,1293.095238095238,76.98,12.0,109.808761,106.280926,-0.483559,109.808761,106.280926,-0.483559,122.23989,132.156543,0.343044,117.398838,120.424798,3.902082,116.667104,122.678141,2.774427,101.723062,103.559276,4.991087
2018-06,1351.6190476190477,74.41,12.0,109.808761,105.971069,-0.677638,109.808761,105.971069,-0.677638,121.151678,129.255026,0.900264,117.692046,120.579651,3.823032,116.98157,122.82213,2.895054,101.723062,103.207632,5.008945
2018-07,1649.7727272727273,74.25,12.0,109.912256,105.764498,-1.158301,109.912256,105.764498,-1.158301,120.06973,126.148926,0.531533,118.312599,120.399937,2.947621,117.92497,123.110106,3.012048,102.698044,104.086743,6.283662
2018-08,1710.409090909091,72.53,12.0,109.912256,105.454641,-1.352657,109.912256,105.454641,-1.352657,120.440575,125.320207,-1.154977,118.353098,120.219862,2.65688,117.767737,122.966118,3.140097,103.185534,104.790031,7.581227
2018-09,1447.35,78.89,12.0,109.912256,105.144784,-0.972763,109.912256,105.144784,-0.972763,121.666865,125.786003,0.501871,119.245734,120.640458,2.511544,118.39667,123.398083,3.502415,104.160516,105.844965,7.885305
2018-10,1544.695652173913,81.03,12.0,110.615405,104.992437,-1.116245,110.615405,104.992437,-1.116245,120.70083,123.566063,0.516706,119.752667,121.364875,3.011562,119.025603,123.542072,3.0012,121.222691,127.119451,26.842105
2018-11,1192.0,64.75,12.0,111.050707,105.144784,-0.779727,111.050707,105.144784,-0.779727,120.483799,123.382419,1.724423,120.564744,123.194378,4.715829,119.182836,124.118025,3.110048,132.434977,145.580782,42.758621
2018-12,1335.125,57.36,12.0,111.154203,105.248069,-0.195886,111.154203,105.248069,-0.195886,121.272867,124.678383,2.538532,120.287543,123.856492,5.164258,119.025603,124.118025,2.741359,144.297251,158.767447,53.571429
2019-01,1063.3181818181818,59.41,12.0,111.487665,105.669062,0.007429,111.487665,105.669062,0.007429,121.695471,125.645336,1.615081,121.695136,125.999054,5.746545,118.86837,125.845887,2.944641,159.896954,169.844245,63.728814
2019-02,628.75,63.96,12.0,111.709974,105.879558,-0.183642,111.709974,105.879558,-0.183642,122.694026,127.781673,1.09474,121.590915,126.487766,5.885086,119.81177,125.845887,2.823529,162.496904,175.8222,69.779287
2019-03,680.4285714285714,66.14,12.0,111.821128,106.30055,0.115759,111.821128,106.30055,0.115759,124.586199,132.560364,3.281082,121.822809,126.484702,5.827029,120.755169,126.277852,3.176471,169.646768,184.789132,78.438031
2019-04,773.25,71.23,12.0,112.488053,106.721542,0.414577,112.488053,106.721542,0.414577,125.569699,135.11998,3.625614,122.255103,126.190736,5.309096,121.384103,126.565829,3.048066,178.909092,199.206553,92.359932
2019-05,1035.6666666666667,71.32,12.0,112.599207,107.353031,1.008746,112.599207,107.353031,1.008746,126.504351,137.441731,3.999188,122.183785,125.782452,4.448962,121.855802,126.997794,3.521127,201.496161,234.370993,126.315789
2019-06,1174.4,64.22,12.0,112.821516,107.353031,1.304094,112.821516,107.353031,1.304094,127.011235,138.516917,7.165594,122.32845,125.29609,3.911472,122.170269,127.429759,3.751465,280.469657,363.424488,252.129472
2019-07,1869.7391304347825,63.92,12.0,113.043824,107.458279,1.601465,113.043824,107.458279,1.601465,127.389809,139.270295,10.401491,122.618252,124.53519,3.434597,122.641969,127.429759,3.508772,339.456033,435.863234,318.75
2019-08,1981.857142857143,59.04,12.0,113.043824,107.458279,1.9,113.043824,107.458279,1.9,127.649129,139.456685,11.280287,122.738577,125.156087,4.105997,122.956435,128.149701,4.215457,400.879863,516.741447,393.120805
2019-09,2254.714285714286,62.83,12.0,113.154978,107.774023,2.500589,113.154978,107.774023,2.500589,127.842997,139.907076,11.226267,123.1319,125.90393,4.362941,123.270902,128.437678,4.084014,471.89101,617.66339,483.554817
2019-10,1825.8695652173913,59.71,12.0,113.266133,107.668775,2.549077,113.266133,107.668775,2.549077,128.267449,140.711417,13.875456,123.369205,126.189771,3.975529,123.270902,128.29369,3.846154,654.700028,916.385308,620.885201
2019-11,1419.2857142857142,63.21,12.0,113.377287,107.879271,2.600688,113.377287,107.879271,2.600688,129.036857,142.46009,15.462229,123.547356,126.734169,2.873338,123.428135,128.725655,3.712297,769.097849,1123.679682,671.859903
2019-12,1380.7058823529412,67.31,12.0,113.599595,108.405511,3.0,113.599595,108.405511,3.0,129.952411,144.429756,15.841858,123.369205,126.019646,1.746501,123.742602,129.013632,3.944316,896.332925,1300.732638,719.269103
2020-01,701.0909090909091,63.65,12.0,114.044212,109.142248,3.286853,114.044212,109.142248,3.286853,130.682953,145.893986,16.115719,124.188698,128.750143,2.18342,124.057069,130.597505,3.775744,916.320044,1333.963034,685.403727
2020-02,460.6,55.66,12.0,114.155366,109.668488,3.578529,114.155366,109.668488,3.578529,131.495729,147.873802,15.723795,124.571721,129.983545,2.763729,125.157702,131.173458,4.23341,1040.305182,1424.687289,710.3
2020-03,601.0909090909091,32.01,12.0,114.26652,109.878984,3.366337,114.26652,109.878984,3.366337,131.865402,148.737192,12.203367,124.691016,130.157698,2.903905,125.786635,131.461435,4.104903,1316.874913,1676.640502,807.326356
2020-04,663.9,18.38,12.0,115.266908,110.089481,3.155819,115.266908,110.089481,3.155819,133.116794,151.372142,12.027949,124.263877,131.543245,4.241603,125.000468,131.893401,4.209329,1549.245487,2152.239554,980.406002
2020-05,489.10526315789474,29.38,12.0,115.266908,110.720969,3.137255,115.266908,110.720969,3.137255,133.247831,151.513334,10.238231,124.700846,131.691249,4.697632,124.214302,132.325366,4.195011,1783.72852,2469.071159,953.488372
2020-06,1146.4545454545455,40.27,12.0,113.821904,111.247209,3.627451,113.821904,111.247209,3.627451,132.835424,149.614683,8.011849,124.951954,131.23969,4.743643,124.843235,132.613343,4.067797,2348.405263,3400.92882,835.800677
2020-07,1632.8260869565217,43.24,12.0,114.044212,111.668202,3.917728,114.044212,111.668202,3.917728,132.943845,148.230946,6.434001,125.177061,132.104373,6.077947,126.572801,132.757331,4.180791,3182.826867,4692.870348,976.684147
2020-08,1522.0588235294117,44.74,12.0,114.26652,112.089194,4.3095,114.26652,112.089194,4.3095,133.212596,146.865582,5.312687,125.703964,133.703027,6.829025,126.730035,132.90132,3.707865,3451.43425,4988.603289,865.396393
2020-09,1410.7727272727273,40.91,12.0,115.155754,112.29969,4.199219,115.155754,112.29969,4.199219,133.210249,147.101724,5.142447,126.106911,134.239016,6.620196,126.887268,133.045308,3.587444,3583.381736,5092.338387,724.452035
2020-10,1630.7727272727273,40.19,12.0,115.711525,112.29969,4.301075,115.711525,112.29969,4.301075,134.478004,148.905116,5.823051,126.172312,135.152221,7.102358,127.358968,134.917158,5.162738,3740.191249,5245.127879,472.37145
2020-11,1183.65,42.69,12.0,115.933833,112.510186,4.292683,115.933833,112.510186,4.292683,135.919605,151.125266,6.082528,126.301036,135.540261,6.948476,127.358968,135.781088,5.480984,3858.001505,5450.312387,385.041465
2020-12,1243.6666666666667,49.99,12.0,116.044988,112.29969,3.592233,116.044988,112.29969,3.592233,137.25235,154.84881,7.213925,126.313595,135.637466,7.632,127.516201,136.645019,5.915179,4020.9859,5806.528164,346.404434
2021-01,1657.5,54.77,12.0,116.600759,112.82593,3.375121,116.600759,112.82593,3.375121,138.123728,157.252556,7.785496,127.513256,135.478273,5.225727,127.987901,137.508949,5.292172,4239.219243,6261.731841,369.408198
2021-02,1499.6,62.28,12.0,116.934221,113.667915,3.646833,116.934221,113.667915,3.646833,139.092078,158.53171,7.207435,127.967971,137.104316,5.47821,128.931301,137.796926,5.049396,4385.628954,6538.651806,358.953474
2021-03,2017.608695652174,65.41,12.0,120.661666,117.926778,7.324234,120.661666,117.926778,7.324234,139.642695,158.588646,6.623397,128.59706,138.776001,6.621432,129.717467,138.948834,5.695509,4484.589568,6703.221386,299.800755
2021-04,2475.05,64.81,12.0,124.204929,123.198443,11.907553,124.204929,123.198443,11.907553,140.785982,161.28738,6.550239,129.061358,139.313029,5.906638,130.660867,140.244729,6.331878,4555.763213,6814.165194,216.60812
2021-05,2965.2631578947367,68.53,12.0,124.849179,124.622976,12.555894,124.849179,124.622976,12.555894,141.070385,161.941765,6.882847,129.401159,140.323243,6.554721,130.8181,141.252648,6.746464,4671.461009,6879.219408,178.61568
2021-06,2932.0,73.16,12.0,123.184978,118.836858,6.822327,123.184978,118.836858,6.822327,141.186086,161.903595,8.213707,130.021031,140.770973,7.2625,131.132567,141.396637,6.623236,4852.807554,7099.700447,108.75769
2021-07,3187.9545454545455,75.17,12.0,124.166136,118.963051,6.532611,124.166136,118.963051,6.532611,141.645838,160.96849,8.59304,130.232299,140.153126,6.092723,132.547666,141.684614,6.724512,4977.117686,7277.984158,55.085984
2021-08,3720.0,70.75,12.0,124.280291,119.174283,6.320939,124.280291,119.174283,6.320939,141.969246,162.365399,10.553744,130.034986,140.70929,5.240168,133.019366,141.972591,6.825569,5185.601214,7506.377197,50.470518
2021-09,4287.772727272727,74.49,12.0,124.844844,119.429826,6.349203,124.844844,119.429826,6.349203,142.420085,162.48577,10.4581,130.4878,140.904982,4.965744,133.333833,141.972591,6.709957,5430.646546,7868.395107,54.51438
2021-10,4819.952380952381,83.54,12.0,125.963055,119.953119,6.815183,125.963055,119.953119,6.815183,143.151621,164.363138,10.381123,130.729865,142.154271,5.180863,133.805533,143.268486,6.189968,5778.227425,8463.201611,61.35358
2021-11,2780.4545454545455,81.05,12.0,125.937712,120.088047,6.735267,125.937712,120.088047,6.735267,143.801164,165.936642,9.800728,131.472804,142.567972,5.184961,134.277233,143.412475,5.620361,6111.346079,9014.404208,65.392432
2021-12,2832.1111111111113,74.17,12.0,126.130008,120.433366,7.24283,126.130008,120.433366,7.24283,145.114778,168.780295,8.996831,131.990661,142.578512,5.117352,135.063399,143.988429,5.374078,6463.314374,9575.452849,64.908403
2022-01,1760.8,86.51,12.0,128.923091,120.801945,7.06931,128.923091,120.801945,7.06931,145.566211,169.804501,7.982029,133.381759,143.083631,5.61371,135.377866,145.284324,5.65445,6808.620296,10225.994991,63.309373
2022-02,1834.9,97.13,12.0,129.319689,121.358602,6.765926,129.319689,121.358602,6.765926,146.164188,171.219221,8.003138,133.675032,144.564788,5.441457,136.164032,146.724209,6.478579,7018.768988,10763.53333,64.613955
2022-03,2464.086956521739,117.25,12.0,129.6058,122.086813,3.527643,129.6058,122.086813,3.527643,147.40323,173.85023,9.623377,134.391038,145.219116,4.642817,137.579132,147.588139,6.217617,7205.238954,11218.42515,67.358715
2022-04,2220.3684210526317,104.58,12.0,133.496197,124.776322,1.280762,133.496197,124.776322,1.280762,149.899274,178.9895,10.975515,136.294417,147.320254,5.74765,138.522532,148.596058,5.954825,7899.321605,12530.018699,83.881933
2022-05,2943.0476190476193,113.34,12.0,136.934197,127.989125,2.701066,136.934197,127.989125,2.701066,151.062034,181.235982,11.914293,136.41075,149.591575,6.604987,139.465931,151.907792,7.543323,8585.018041,14659.342447,113.096015
2022-06,2389.45,122.71,1.65,138.773688,130.258694,9.611358,138.773688,130.258694,9.611358,152.406064,183.70939,13.468382,137.804169,150.594144,6.978123,140.881031,153.92363,8.85947,10132.02813,18260.177401,157.196448
2022-07,2076.9523809523807,111.93,2.15,141.968371,133.058714,11.848774,141.968371,133.058714,11.848774,153.426163,185.86696,15.467915,139.149283,151.871314,8.360989,143.23953,155.651491,9.857724,11761.913759,22166.737285,204.572486
2022-08,1411.9545454545455,100.45,2.15,142.423547,134.960231,13.246102,142.423547,134.960231,13.246102,154.076841,186.883162,15.100362,139.553885,153.131305,8.828141,143.553997,158.387271,11.561866,12540.351872,24488.902912,226.241305
2022-09,1487.142857142857,89.76,2.65,142.058962,137.126341,14.817501,142.058962,137.126341,14.817501,155.487696,187.372461,15.316228,139.753305,154.00849,9.299535,143.71123,158.963225,11.967546,12857.05483,24454.634843,210.795715
2022-10,1813.857142857143,93.33,2.65,142.406652,138.897351,15.79303,142.406652,138.897351,15.79303,156.881414,189.91384,15.545275,139.976351,155.039796,9.064466,144.18293,160.403109,11.959799,13268.965998,25116.478924,196.772783
2022-11,1298.9545454545455,91.42,2.65,142.406652,138.897351,15.662927,142.406652,138.897351,15.662927,157.427858,191.161232,15.201338,140.73292,156.025119,9.43911,144.65463,161.26704,12.449799,13450.502897,25285.131578,180.49698
2022-12,1453.4117647058824,80.92,2.65,141.829762,140.797604,16.909133,141.829762,140.797604,16.909133,158.267465,191.545388,13.488004,141.103916,159.401352,11.799001,145.283563,161.986982,12.5,13620.200432,25807.215691,169.51431
2023-01,908.8095238095239,82.5,2.65,140.943307,141.583176,17.202729,140.943307,141.583176,17.202729,158.635665,191.77327,12.937684,142.708955,163.182504,14.046941,145.12633,165.010739,13.5778,13720.077371,25903.117296,153.306571
2023-02,658.35,82.59,2.65,141.054683,142.354644,17.300828,141.054683,142.354644,17.300828,159.656241,194.073421,13.347917,143.271622,164.870118,14.045834,146.226963,166.594612,13.542689,13499.505005,25493.920671,136.854571
2023-03,1410.0434782608695,78.43,2.65,142.528477,143.768863,17.759534,142.528477,143.768863,17.759534,160.949799,197.127717,13.389391,144.073282,166.36944,14.564421,147.642063,168.322473,14.04878,13517.151089,25569.052729,127.920162
2023-04,1480.3333333333333,84.64,2.65,144.126319,145.495142,16.604768,144.126319,145.495142,16.604768,161.748359,196.986267,10.05465,144.630914,167.138067,13.452199,148.270996,169.330392,13.953488,13836.495247,25265.736733,101.641652
2023-05,1416.05,75.47,2.65,144.722772,146.269136,14.282472,144.722772,146.269136,14.282472,163.193501,199.952729,10.32728,144.990051,168.305765,12.51019,148.585462,169.906346,11.848341,16014.357247,31805.005523,116.960656
2023-06,1081.7727272727273,74.84,2.65,145.107921,147.015345,12.864132,145.107921,147.015345,12.864132,164.422898,202.513061,10.235553,145.079171,168.255181,11.727572,148.899929,170.770276,10.944808,27938.725123,64932.5433,255.596454
2023-07,1040.1904761904761,80.11,2.65,144.124429,147.287621,10.693706,144.124429,147.287621,10.693706,164.598205,201.476285,8.398117,145.464908,167.84818,10.520003,150.000562,171.058253,9.898242,23677.097901,45020.232069,103.098144
2023-08,1149.8636363636363,86.15,2.65,144.198902,147.116804,9.007522,144.198902,147.116804,9.007522,164.438913,200.796363,7.444866,146.095046,168.41239,9.979073,150.472262,171.058253,8.0,22219.944889,41816.916724,70.758637
2023-09,1393.4285714285713,93.72,2.65,146.6304,147.638939,7.666359,146.6304,147.638939,7.666359,166.03292,202.192413,7.909355,147.252703,169.08294,9.788064,151.572895,172.066172,8.242754,22432.12379,42257.494087,72.79953
2023-10,1867.6818181818182,90.6,2.65,146.756449,147.985627,6.54316,146.756449,147.985627,6.54316,167.736606,204.719651,7.796067,148.415117,169.542433,9.354138,152.987995,174.801952,8.976661,22983.378548,43278.885011,72.312708
2023-11,1831.4545454545455,82.94,2.65,146.714433,148.982852,7.261119,146.714433,148.982852,7.261119,168.130429,205.605096,7.555854,148.801432,170.343964,9.177269,152.830761,176.097848,9.196429,24027.198461,45393.080958,79.524796
2023-12,2537.625,77.63,2.65,146.861601,149.353957,6.077058,146.861601,149.353957,6.077058,168.763278,206.304382,7.70522,148.593482,171.21539,7.411504,152.830761,175.95386,8.622222,25157.023824,49313.12187,91.08269
