bdi_mean,bdi_std,bdi_min,bdi_max,bdi_range,bdi_cv,bdi_month_return,bdi_first_half_mean,bdi_second_half_mean,bdi_trend_shift,bdi_extreme_day_count,bdi_pct_extreme_days,bdi_n_days,Date,bdi_momentum_3m,bdi_rolling_vol_3m,bdi_rolling_mean_6m
1370.55,29.557528651766543,1319.0,1406.0,87.0,0.02156618047628072,-0.0007575757575757347,1374.1,1367.0,-7.099999999999909,0.0,0.0,20.0,2000-01-01,,,
1392.952380952381,91.67098320078023,1276.0,1531.0,255.0,0.0658105649944067,0.16781083142639197,1304.6,1473.2727272727273,168.67272727272734,0.0,0.0,21.0,2000-02-01,,,
1620.695652173913,27.90267991275748,1547.0,1660.0,113.0,0.017216483474445276,0.07304460245636712,1609.7272727272727,1630.75,21.022727272727252,0.0,0.0,23.0,2000-03-01,,138.4086410841294,
1666.5882352941176,18.094714286805065,1628.0,1686.0,58.0,0.010857339505706838,-0.02456560814859199,1680.125,1654.5555555555557,-25.569444444444343,0.0,0.0,17.0,2000-04-01,0.21599958797133834,146.54334259498168,
1601.8,15.907859692617357,1566.0,1622.0,56.0,0.009931239663264676,-0.03452527743526512,1612.4,1591.2,-21.200000000000045,0.0,0.0,20.0,2000-05-01,0.14993162860659104,33.318389039307554,
1588.6363636363637,26.04113084848215,1559.0,1626.0,67.0,0.016392128144967304,0.03457106274007682,1564.6363636363637,1612.6363636363637,48.0,0.0,0.0,22.0,2000-06-01,-0.01978118994429745,41.727870482022134,1540.2037720094625
1618.2380952380952,12.504874333081792,1600.0,1642.0,42.0,0.007727462584077852,0.017978921264724113,1606.3,1629.090909090909,22.790909090909054,0.0,0.0,21.0,2000-07-01,-0.02901144927828536,14.831019358039487,1581.4851212158117
1638.857142857143,7.686015218041972,1627.0,1652.0,25.0,0.004689862842250157,0.004255319148936065,1643.1,1635.0,-8.099999999999909,0.0,0.0,21.0,2000-08-01,0.02313468776198202,25.243924365014244,1622.4692481999389
1711.5238095238096,25.936954786226668,1661.0,1740.0,79.0,0.015154305562037727,0.046959662853702566,1688.4,1732.5454545454545,44.14545454545441,0.0,0.0,21.0,2000-09-01,0.07735404319095296,49.00308503716318,1637.6072744249213
1734.3181818181818,14.217103539675415,1718.0,1759.0,41.0,0.008197517438680623,0.01383285302593662,1722.7272727272727,1745.909090909091,23.181818181818244,0.0,0.0,22.0,2000-10-01,0.07173239025930078,49.85451803708407,1648.895598845599
1722.3181818181818,30.855066422987036,1672.0,1762.0,90.0,0.017914846831852283,-0.049459920409323455,1750.3636363636363,1694.2727272727273,-56.09090909090901,0.0,0.0,22.0,2000-11-01,0.050926366172181936,11.402498860072699,1668.9819624819622
1609.3684210526317,25.629363353934057,1581.0,1664.0,83.0,0.01592510640737612,-0.0390625,1628.888888888889,1591.8,-37.08888888888896,0.0,0.0,19.0,2000-12-01,-0.05968680535014015,68.93727967309957,1672.4373053846737
1565.9545454545455,28.623698497966316,1504.0,1599.0,95.0,0.018278754374481405,-0.05941213258286426,1589.5454545454545,1542.3636363636363,-47.181818181818244,0.0,0.0,22.0,2001-01-01,-0.09707770934346738,80.71761458762687,1663.723380420749
1479.15,28.350088183284374,1445.0,1537.0,92.0,0.019166472760223353,0.029470864032149935,1463.4,1494.9,31.5,0.0,0.0,20.0,2001-02-01,-0.14118656145258757,66.30313075496014,1637.1055232778917
1501.590909090909,24.39757642753046,1438.0,1538.0,100.0,0.016247818417002274,-0.06501950585175553,1514.3636363636363,1488.8181818181818,-25.545454545454504,0.0,0.0,22.0,2001-03-01,-0.0669688248830117,45.05792789721965,1602.1167065390748
1440.1052631578948,15.730944150880338,1423.0,1463.0,40.0,0.010923468272301966,0.020279720279720248,1426.6666666666667,1452.2,25.533333333333303,0.0,0.0,19.0,2001-04-01,-0.08036585906145877,31.114226466614767,1553.0812200956937
1448.2857142857142,26.309771599781193,1389.0,1481.0,92.0,0.01816614728728234,-0.044046799724707486,1465.1,1433.0,-32.09999999999991,0.0,0.0,21.0,2001-05-01,-0.0208662310883182,33.38874119039086,1507.4091421736157
1377.4761904761904,14.103761901465958,1355.0,1394.0,39.0,0.01023884260140302,0.0028943560057888007,1364.4,1389.3636363636363,24.96363636363617,0.0,0.0,21.0,2001-06-01,-0.08265548083922536,38.73695304605848,1468.7604370775423
1221.3636363636363,104.86551797184875,1049.0,1380.0,331.0,0.08585937459548465,-0.23985507246376814,1314.7272727272727,1128.0,-186.72727272727275,0.0,0.0,22.0,2001-07-01,-0.1518928042208505,116.10250331937205,1411.3286188957243
979.9090909090909,27.359407707087602,927.0,1037.0,110.0,0.027920352980607074,-0.1060752169720347,998.7272727272727,961.0909090909091,-37.636363636363626,0.0,0.0,22.0,2001-08-01,-0.3234007066123854,200.3043624630611,1328.121800713906
945.2,36.58360288435244,898.0,995.0,97.0,0.03870461583194291,0.03703703703703698,911.4,979.0,67.60000000000002,0.0,0.0,20.0,2001-09-01,-0.31381754070591483,150.42792989888363,1235.3899825320877
898.0434782608696,16.679793192518293,861.0,939.0,78.0,0.01857348067915375,-0.08306709265175716,903.7272727272727,892.8333333333334,-10.893939393939377,0.0,0.0,23.0,2001-10-01,-0.26472063558842074,41.09021998102483,1145.046351715917
855.2272727272727,7.804030533127319,843.0,868.0,25.0,0.009125095494488495,0.017584994138335253,848.7272727272727,861.7272727272727,13.0,0.0,0.0,22.0,2001-11-01,-0.12723814825122914,45.003808453132635,1046.2032781228434
870.1764705882352,2.874539228910733,865.0,876.0,11.0,0.003303398018757687,0.009216589861751112,871.125,869.3333333333334,-1.7916666666666288,0.0,0.0,17.0,2001-12-01,-0.07937317965696655,21.73045516322123,961.6533248081842
931.3181818181819,26.068766340438835,882.0,969.0,87.0,0.027991256747018124,0.02947845804988658,927.1818181818181,935.4545454545455,8.272727272727366,0.0,0.0,22.0,2002-01-01,0.037052441627605015,40.31462475556063,913.3124157172751
959.55,43.26254153421872,908.0,1031.0,123.0,0.045086281625990016,0.1354625550660793,922.1,997.0,74.89999999999998,0.0,0.0,20.0,2002-02-01,0.12198246080255104,45.685468458234006,909.9192338990933
1064.75,17.614979420936034,1033.0,1086.0,53.0,0.01654377029437524,0.047434656340755055,1049.4,1080.1,30.699999999999818,0.0,0.0,20.0,2002-03-01,0.22360237950381934,70.31847275213222,929.8442338990932
1077.4761904761904,22.863193643556592,1027.0,1104.0,77.0,0.021219210081525986,-0.04995374653098983,1091.1,1065.090909090909,-26.0090909090909,0.0,0.0,21.0,2002-04-01,0.15693670703676044,64.72452178819148,959.74968593498
1032.909090909091,8.701666981932991,1016.0,1046.0,30.0,0.008424426755963993,0.021568627450980316,1029.1818181818182,1036.6363636363637,7.454545454545496,0.0,0.0,22.0,2002-05-01,0.07645155636401557,22.956574147699868,989.3633222986164
995.0555555555555,13.37689642722449,978.0,1027.0,49.0,0.01344336640556311,-0.02142161635832518,994.8888888888889,995.2222222222222,0.33333333333325754,0.0,0.0,18.0,2002-06-01,-0.06545615820093398,41.25586334753538,1010.1765031265031
988.5652173913044,17.377712079748992,962.0,1007.0,45.0,0.017578720932147022,-0.03681592039800996,1004.2727272727273,974.1666666666666,-30.106060606060623,0.0,0.0,23.0,2002-07-01,-0.08251780769799821,23.94923014352936,1019.7176757220235
1001.7619047619048,21.86735937180554,970.0,1036.0,66.0,0.021828898930832168,0.06804123711340204,981.6,1020.0909090909091,38.4909090909091,0.0,0.0,21.0,2002-08-01,-0.030154818484337986,6.598638328200837,1026.752993182341
1182.3809523809523,96.24298425412934,1039.0,1367.0,328.0,0.08139761052503891,0.31568816169393643,1099.6,1257.6363636363637,158.03636363636383,0.0,0.0,21.0,2002-09-01,0.1882562192427637,108.2912215970929,1046.3581519124998
1365.391304347826,24.080912756127866,1334.0,1417.0,83.0,0.01763663843430585,0.03355215171407733,1350.7272727272727,1378.8333333333333,28.10606060606051,0.0,0.0,23.0,2002-10-01,0.381184852882966,181.81601026544496,1094.344004224439
1460.4285714285713,34.772144610540295,1428.0,1560.0,132.0,0.02380954830028192,0.09243697478991586,1440.3,1478.7272727272727,38.42727272727279,0.0,0.0,21.0,2002-11-01,0.45785996102105786,141.32430170784747,1165.5972509776857
1665.9411764705883,59.10356870705892,1573.0,1739.0,166.0,0.03547758440803649,0.10489510489510478,1609.25,1716.3333333333333,107.08333333333326,0.0,0.0,17.0,2002-12-01,0.4089715950818509,153.62168824656044,1277.4115211301912
1693.8636363636363,74.11189050381583,1530.0,1761.0,231.0,0.04375316224564466,-0.11967779056386652,1747.909090909091,1639.8181818181818,-108.09090909090924,0.0,0.0,22.0,2003-01-01,0.2405701068769468,127.48007958034857,1394.9612576255797
1673.7,81.66584353326671,1530.0,1768.0,238.0,0.0487935971400291,0.15294117647058814,1601.2,1746.2,145.0,0.0,0.0,20.0,2003-02-01,0.14603345397632794,14.41316146469348,1506.9509401652624
1849.7619047619048,80.04100423081063,1748.0,1940.0,192.0,0.043270976672596814,0.10045402951191829,1770.1,1922.1818181818182,152.08181818181833,0.0,0.0,21.0,2003-03-01,0.11034046753124471,96.35752576504987,1618.1810988954212
2063.55,59.692105843235254,1943.0,2142.0,199.0,0.0289269006533572,0.10241893978383931,2014.4,2112.7,98.29999999999973,0.0,0.0,20.0,2003-04-01,0.2182503689789348,195.22899651175626,1734.5408815041167
2231.2,69.03448413655309,2127.0,2337.0,210.0,0.03094051816804997,-0.008391608391608352,2206.7,2255.7,49.0,0.0,0.0,20.0,2003-05-01,0.3330943418772778,191.1835473501843,1863.0027862660215
2135.904761904762,10.07545230890529,2116.0,2154.0,38.0,0.004717182380323072,0.0042533081285445196,2131.3,2140.090909090909,8.790909090908826,0.0,0.0,21.0,2003-06-01,0.15469172351654015,84.08618244983865,1941.3300505050504
2191.913043478261,38.199605100938875,2123.0,2240.0,117.0,0.017427518493307297,0.027319830428638614,2169.4545454545455,2212.5,43.045454545454504,0.0,0.0,23.0,2003-07-01,0.06220495916176527,47.89150057019221,2024.3382850241544
2285.95,51.90903100617464,2176.0,2343.0,167.0,0.022707859317209318,0.04090073529411775,2260.8,2311.1,50.29999999999973,0.0,0.0,20.0,2003-08-01,0.024538365005378315,75.82155616066298,2126.3799516908216
2462.8636363636365,203.4181308301038,2262.0,2993.0,731.0,0.0825941509008782,0.3231653404067196,2315.5454545454545,2610.181818181818,294.6363636363635,3.0,0.13636363636363635,22.0,2003-09-01,0.15307745939350714,137.5715618070689,2228.563573624443
4162.565217391304,451.269207813479,3138.0,4560.0,1422.0,0.10841132432665912,0.4515615041427661,3807.0,4488.5,681.5,8.0,0.34782608695652173,23.0,2003-10-01,0.8990558178283807,1036.1763502917813,2578.3994431896604
4250.4,157.49298397071536,4026.0,4558.0,532.0,0.037053685293317186,-0.030934620447564676,4311.3,4189.5,-121.80000000000018,0.0,0.0,20.0,2003-11-01,0.8593582536800892,1007.6363981207204,2914.9327765229937
4609.0,104.31096671864266,4442.0,4765.0,323.0,0.02263201707933232,0.07271499324628539,4515.666666666667,4702.333333333333,186.66666666666606,0.0,0.0,18.0,2003-12-01,0.8713987782145691,236.5068442134424,3327.115316205533
5229.476190476191,265.9784486521272,4757.0,5551.0,794.0,0.0508613939454436,0.16593152699012803,5062.4,5381.363636363636,318.9636363636364,1.0,0.047619047619047616,21.0,2004-01-01,0.25631093264972904,495.3407664940099,3833.3758407051887
5450.05,145.53263379737209,5242.0,5681.0,439.0,0.02670299057758591,-0.06318974724101101,5511.0,5389.1,-121.89999999999964,0.0,0.0,20.0,2004-02-01,0.28224402409185023,436.08267772975483,4360.725840705189
5131.173913043478,158.3190647900386,4822.0,5384.0,562.0,0.030854355645126445,-0.07358309317963496,5261.454545454545,5011.75,-249.70454545454504,0.0,0.0,23.0,2004-03-01,0.1132944050864566,163.29834762842182,4805.444220151829
4490.0,232.07369519185065,3982.0,4763.0,781.0,0.05168679180219391,-0.16397228637413397,4627.8,4352.2,-275.60000000000036,2.0,0.1,20.0,2004-04-01,-0.14140540343656383,488.9584079278823,4860.016683919945
3595.684210526316,262.6145970672571,3286.0,3933.0,647.0,0.07303605703149806,-0.16450546656496312,3857.3333333333335,3360.2,-497.13333333333367,0.0,0.0,19.0,2004-05-01,-0.3402474820366206,771.214771708211,4750.8973856743305
2901.590909090909,213.18422658069693,2622.0,3282.0,660.0,0.07347149658925875,-0.08439975624619134,3060.3636363636365,2742.818181818182,-317.5454545454545,1.0,0.045454545454545456,22.0,2004-06-01,-0.43451713813187154,796.3049753373492,4466.329203856149
3778.409090909091,279.3651340077597,3115.0,4086.0,971.0,0.07393723847423414,0.29951845906902097,3670.181818181818,3886.6363636363635,216.4545454545455,6.0,0.2727272727272727,22.0,2004-07-01,-0.15848349868394407,462.5948581958358,4224.484687261632
4169.0,45.09038541798969,4088.0,4233.0,145.0,0.010815635744300717,0.02097560975609758,4134.5,4200.363636363636,65.86363636363603,0.0,0.0,21.0,2004-08-01,0.1594455341198513,649.0630665236397,4010.976353928299
4140.772727272727,69.40391121948376,4014.0,4233.0,219.0,0.01676110131868934,-0.007014997581035298,4110.545454545455,4171.0,60.45454545454504,0.0,0.0,22.0,2004-09-01,0.4270697893005404,217.81698822206104,3845.909489633174
4539.428571428572,271.19428485138553,4112.0,4922.0,810.0,0.05974194341514661,0.19698443579766534,4291.3,4765.0,473.6999999999998,0.0,0.0,21.0,2004-10-01,0.20141267454350165,222.4637002358893,3854.147584871269
5308.909090909091,340.34700328433644,4928.0,6051.0,1123.0,0.06410865159984419,0.22788149350649345,5036.545454545455,5581.272727272727,544.7272727272721,0.0,0.0,22.0,2004-11-01,0.27342506378246356,593.7970074008501,4139.6850649350645
5518.833333333333,597.7956033071282,4598.0,6208.0,1610.0,0.10831919849735057,-0.24523965856861463,6064.333333333333,4973.333333333333,-1091.0,4.0,0.2222222222222222,18.0,2004-12-01,0.3328027633548123,515.6552700301423,4575.892135642135
4501.9,158.92479353455207,4292.0,4776.0,484.0,0.035301715616640104,0.007181328545780907,4603.3,4400.5,-202.80000000000018,2.0,0.1,20.0,2005-01-01,-0.00826724572004034,536.8869006925923,4696.473953823954
4532.25,241.02652862288832,4175.0,4880.0,705.0,0.0531803251415717,0.05727069351230418,4317.1,4747.4,430.2999999999993,0.0,0.0,20.0,2005-02-01,-0.1462935374499127,578.5644879866582,4757.015620490621
4677.9047619047615,58.180265646158716,4575.0,4791.0,216.0,0.01243724885550443,-0.005575809564657974,4707.9,4650.636363636364,-57.26363636363567,0.0,0.0,21.0,2005-03-01,-0.15237433722620808,94.08693531225121,4846.537626262626
4532.476190476191,298.2923811819568,3850.0,4835.0,985.0,0.06581223345612712,-0.1679273827534039,4704.4,4376.181818181818,-328.2181818181816,1.0,0.047619047619047616,21.0,2005-04-01,0.006791841328370518,84.0285965365809,4845.378896103895
3667.4,249.01935667734747,3219.0,4024.0,805.0,0.06790078984494395,-0.15622542595019662,3882.7,3452.1,-430.5999999999999,0.0,0.0,20.0,2005-05-01,-0.1908213359810249,546.2945113136892,4571.794047619048
2746.090909090909,217.97516728682422,2510.0,3180.0,670.0,0.07937652994852407,-0.20723270440251573,2925.2727272727275,2566.909090909091,-358.3636363636365,0.0,0.0,22.0,2005-06-01,-0.41296562267489423,893.3401395764216,4109.670310245309
2220.095238095238,206.3748103773245,1804.0,2486.0,682.0,0.09295763840941647,-0.2743362831858407,2388.9,2066.6363636363635,-322.2636363636366,2.0,0.09523809523809523,21.0,2005-07-01,-0.510180496312328,732.5950405613062,3729.369516594517
2206.590909090909,337.3159645159941,1747.0,2634.0,887.0,0.1528674676970207,0.4652345958168458,1902.2727272727273,2510.909090909091,608.6363636363637,6.0,0.2727272727272727,22.0,2005-08-01,-0.3983228147758878,307.6562104059364,3341.759668109668
2803.5454545454545,226.61315200393167,2418.0,3073.0,655.0,0.08083091773544046,0.14089481946624804,2609.7272727272725,2997.3636363636365,387.63636363636397,1.0,0.045454545454545456,22.0,2005-09-01,0.020922302777501844,340.8203953493471,3029.36645021645
3161.4285714285716,114.56442206340103,2944.0,3370.0,426.0,0.03623818140279291,0.057404891304347894,3142.3,3178.818181818182,36.5181818181818,0.0,0.0,21.0,2005-10-01,0.42400583415554904,482.38124896311297,2800.858513708514
2915.5,107.1276850729582,2739.0,3081.0,342.0,0.036744189700894596,-0.100941252839987,3000.5454545454545,2830.4545454545455,-170.090909090909,0.0,0.0,22.0,2005-11-01,0.3212689257390051,183.07330400817276,2675.541847041847
2600.0,120.0637085786003,2407.0,2772.0,365.0,0.04617834945330781,-0.13167388167388172,2706.875,2505.0,-201.875,0.0,0.0,17.0,2005-12-01,-0.07260287298550538,281.431801407621,2651.193362193362
2261.7619047619046,176.24871624305314,2033.0,2497.0,464.0,0.07792540668050858,-0.14643150123051685,2431.9,2107.090909090909,-324.8090909090911,0.0,0.0,21.0,2006-01-01,-0.28457599035999404,326.9349466983298,2658.137806637807
2443.7,241.37545442732988,2087.0,2798.0,711.0,0.09877458543492651,0.2841399137517968,2219.9,2667.5,447.5999999999999,4.0,0.2,20.0,2006-02-01,-0.16182472989195684,169.2809152312478,2697.6559884559883
2598.8260869565215,82.61626967566905,2493.0,2708.0,215.0,0.031789841609763406,-0.07828655834564258,2680.4545454545455,2524.0,-156.4545454545455,0.0,0.0,23.0,2006-03-01,-0.00045150501672253096,168.70972915624765,2663.536093857833
2465.4444444444443,54.16150972602656,2368.0,2516.0,148.0,0.021968253978738972,-0.05582137161084533,2509.4444444444443,2421.4444444444443,-88.0,0.0,0.0,18.0,2006-04-01,0.09005481047925845,83.99165263869052,2547.5387393604783
2441.8571428571427,44.53279766674457,2364.0,2502.0,138.0,0.018237265761844732,0.030456852791878264,2420.1,2461.6363636363635,41.5363636363636,0.0,0.0,21.0,2006-05-01,-0.0007541257694713144,84.64265351767115,2468.598263170002
2718.4545454545455,127.85280146705901,2478.0,2964.0,486.0,0.04703142882445404,0.19612590799031482,2619.5454545454545,2817.3636363636365,197.81818181818198,0.0,0.0,22.0,2006-06-01,0.04603172913279496,153.3387291439839,2488.340687412426
3049.809523809524,150.7595433440187,2849.0,3285.0,436.0,0.04943244558948869,0.10124036205162579,2908.9,3177.909090909091,269.0090909090909,0.0,0.0,21.0,2006-07-01,0.2370222053398403,304.3869090236784,2619.6819572536965
3686.7272727272725,119.91935995727289,3337.0,3847.0,510.0,0.03252732059796819,0.15283188492658084,3631.7272727272725,3741.7272727272725,110.0,2.0,0.09090909090909091,22.0,2006-08-01,0.5098046515585859,492.10642733512515,2826.8531693749082
4039.1428571428573,149.63552090211152,3875.0,4279.0,404.0,0.03704635517842472,0.017806451612903285,3961.2,4110.0,148.80000000000018,0.0,0.0,21.0,2006-09-01,0.4858232093292121,501.4381662561305,3066.905964405965
4027.6363636363635,75.92912092839398,3931.0,4182.0,251.0,0.01885202984408482,0.020475227502527726,4032.3636363636365,4022.909090909091,-9.454545454545496,0.0,0.0,22.0,2006-10-01,0.32061898692133206,200.228266317986,3327.271284271284
4190.090909090909,60.33987758063718,4100.0,4336.0,236.0,0.014400612991408495,0.05756097560975615,4188.0,4192.181818181818,4.1818181818180165,0.0,0.0,22.0,2006-11-01,0.13653400404399085,90.65428204498292,3618.643578643578
4335.8125,42.354484340504015,4270.0,4407.0,137.0,0.009768523048564489,0.006408789196612474,4338.125,4333.5,-4.625,0.0,0.0,16.0,2006-12-01,0.07344866308269071,154.16376164105182,3888.2032377344876
4461.681818181818,124.68374041536828,4225.0,4647.0,422.0,0.02794545767635627,-0.044333861117394235,4565.0,4358.363636363636,-206.63636363636397,0.0,0.0,22.0,2007-01-01,0.10776679306608883,135.91632794813572,4123.515286796536
4397.75,143.71425642572834,4219.0,4765.0,546.0,0.03267904187953575,0.1294145532116615,4305.6,4489.9,184.29999999999927,0.0,0.0,20.0,2007-02-01,0.04955956694365504,62.937292259583934,4242.019074675324
5123.136363636364,178.92946691987714,4818.0,5388.0,570.0,0.03492576699498085,0.11830635118306354,4970.636363636364,5275.636363636364,305.0,0.0,0.0,22.0,2007-03-01,0.18158623409945984,401.620627298131,4422.684659090909
5753.684210526316,278.33679950954894,5417.0,6248.0,831.0,0.04837540423235849,0.15340594424958454,5516.0,5967.6,451.60000000000036,0.0,0.0,19.0,2007-04-01,0.2895774385074825,678.5196566844029,4710.3593002392345
6402.238095238095,209.60709383713154,5971.0,6688.0,717.0,0.03273965927525168,-0.04540367705835335,6459.3,6350.363636363636,-108.93636363636415,0.0,0.0,21.0,2007-05-01,0.4557985549970087,639.5719881789146,5079.050497930432
5772.142857142857,334.69464202666967,5254.0,6278.0,1024.0,0.057984469599967524,0.049306368042787874,5752.6,5789.909090909091,37.30909090909063,2.0,0.09523809523809523,21.0,2007-06-01,0.12668147935961493,369.22957449259104,5318.4388907875755
6572.136363636364,237.99127093513812,6201.0,6967.0,766.0,0.0362121626465245,0.10517131979695438,6400.909090909091,6743.363636363636,342.45454545454504,0.0,0.0,22.0,2007-07-01,0.14224836177360878,421.4805335771201,5670.1813150299995
7195.090909090909,210.95581379023625,6917.0,7702.0,785.0,0.02931940908817374,0.1013871013871015,7023.636363636364,7366.545454545455,342.909090909091,0.0,0.0,22.0,2007-08-01,0.12383994504086426,713.3072193051329,6136.4047998784845
8574.05,473.977686711094,7783.0,9474.0,1691.0,0.05528049016638509,0.21726840549916493,8246.8,8901.3,654.5,1.0,0.05,20.0,2007-09-01,0.48541888380150966,1024.4721199689352,6711.557072605757
10425.91304347826,572.4875478458578,9513.0,11033.0,1520.0,0.05491006355591724,0.11733249449512417,9947.181818181818,10864.75,917.568181818182,1.0,0.043478260869565216,23.0,2007-10-01,0.5863811197169988,1621.1691547690973,7490.261878097747
10542.681818181818,354.46507538743714,9897.0,11039.0,1142.0,0.03362190773661875,-0.035062848502031896,10775.0,10310.363636363636,-464.63636363636397,0.0,0.0,22.0,2007-11-01,0.46526040482146924,1104.42616428201,8180.3358319217
9854.125,339.4681271857492,9143.0,10285.0,1142.0,0.034449342502327625,-0.10973709834469325,10104.75,9603.5,-501.25,0.0,0.0,16.0,2007-12-01,0.14929642351047656,368.4849624419292,8860.666189064557
7169.818181818182,1183.0478986831058,5615.0,8891.0,3276.0,0.1650038911283938,-0.31931166347992357,8238.09090909091,6101.545454545455,-2136.545454545455,8.0,0.36363636363636365,22.0,2008-01-01,-0.31230788594547787,1782.1252619417671,8960.279825428193
6874.238095238095,526.6547531589773,6002.0,7613.0,1611.0,0.07661281815708423,0.24111509618519733,6418.6,7288.454545454545,869.8545454545447,5.0,0.23809523809523808,21.0,2008-02-01,-0.3479611531685568,1641.7773218320185,8906.804356452727
8062.578947368421,297.34532746843865,7619.0,8624.0,1005.0,0.03687967949330784,0.02576796141152582,8288.222222222223,7859.5,-428.7222222222226,2.0,0.10526315789473684,19.0,2008-03-01,-0.18180671065483534,618.6737633748372,8821.559181014129
8286.863636363636,616.4032988713673,7655.0,9356.0,1701.0,0.07438318354443824,0.18580481622306722,7805.181818181818,8768.545454545454,963.363636363636,2.0,0.09090909090909091,22.0,2008-04-01,0.15579829588679805,759.1627539598759,8465.050946495025
10843.65,756.20131413533,9439.0,11793.0,2354.0,0.06973678734884749,0.2119927958470178,10172.7,11514.6,1341.8999999999996,2.0,0.1,20.0,2008-05-01,0.5774329969035528,1544.9820026341047,8515.212310131388
10245.095238095239,1001.4130922880406,9139.0,11689.0,2550.0,0.09774561085234212,-0.16311747250829112,11172.1,9402.363636363636,-1769.7363636363643,2.0,0.09523809523809523,21.0,2008-06-01,0.27069704432961594,1337.291748167161,8580.374016480595
8935.739130434782,294.29846095585174,8341.0,9379.0,1038.0,0.03293498799147824,-0.11067277961403132,9141.272727272728,8747.333333333334,-393.939393939394,0.0,0.0,23.0,2008-07-01,0.07830169803009812,975.7736337450023,8874.694174583363
7402.5,421.37459581707105,6809.0,8280.0,1471.0,0.05692328210970227,-0.17765700483091784,7574.4,7230.6,-343.7999999999993,3.0,0.15,20.0,2008-08-01,-0.3173424077686019,1422.766280607709,8962.737825377013
4975.090909090909,853.2593077611234,3217.0,6691.0,3474.0,0.17150627462946968,-0.5192049021073083,5550.272727272727,4399.909090909091,-1150.363636363636,13.0,0.5909090909090909,22.0,2008-09-01,-0.5143929076821472,1997.075839778368,8448.156485664094
1807.5217391304348,790.264065364022,851.0,3025.0,2174.0,0.43720860903404873,-0.7186776859504131,2529.0,1146.1666666666667,-1382.8333333333333,19.0,0.8260869565217391,23.0,2008-10-01,-0.7977199521219139,2805.636917609358,7368.2661694585595
818.95,38.247189439225465,715.0,865.0,150.0,0.04670271620883505,-0.13542926239419584,827.7,810.2,-17.5,2.0,0.1,20.0,2008-11-01,-0.8893684566024992,2171.185382308881,5697.4828361252285
743.0,64.39893028787219,663.0,836.0,173.0,0.08667419957990874,0.10571428571428565,681.8888888888889,804.1111111111111,122.22222222222217,3.0,0.16666666666666666,18.0,2008-12-01,-0.8506559953221504,593.8923891004733,4113.800296442688
904.5238095238095,86.90093925056499,772.0,1070.0,298.0,0.09607368908985864,0.38421733505821476,843.0,960.4545454545455,117.4545454545455,6.0,0.2857142857142857,21.0,2009-01-01,-0.49957790828067206,80.8096739461111,2775.2644096241925
1815.85,301.119125098357,1099.0,2099.0,1000.0,0.16582819346221164,0.8070973612374885,1644.4,1987.3,342.89999999999986,13.0,0.65,20.0,2009-02-01,1.2172904328713594,578.4479937717074,1844.1560762908587
1957.8181818181818,221.93111879050065,1615.0,2298.0,683.0,0.1133563478220425,-0.19811320754716977,2157.818181818182,1757.8181818181818,-400.0000000000002,7.0,0.3181818181818182,22.0,2009-03-01,1.635017741343448,571.5621028963432,1341.2772884120711
1659.15,155.0523379378718,1463.0,1897.0,434.0,0.09345287523001043,0.1346886912325287,1514.1,1804.2,290.10000000000014,5.0,0.25,20.0,2009-04-01,0.8342800737036062,149.3946325895891,1316.5486652236652
2537.6315789473683,446.57293982250815,1806.0,3494.0,1688.0,0.1759802106528602,0.9346622369878184,2156.4444444444443,2880.7,724.2555555555555,11.0,0.5789473684210527,19.0,2009-05-01,0.39748964889576155,446.6758972064366,1602.9955950482265
3822.5454545454545,223.96869246975476,3452.0,4291.0,839.0,0.05859150535500624,0.02064656343384952,3765.909090909091,3879.181818181818,113.27272727272702,11.0,0.5,22.0,2009-06-01,0.9524517087667161,1088.0420829026168,2116.2531708058023
3361.8695652173915,204.23841659407378,2975.0,3742.0,767.0,0.06075143982597282,-0.10475681453768038,3275.5454545454545,3441.0,165.4545454545455,7.0,0.30434782608695654,23.0,2009-07-01,1.0262601725084477,650.9728873928165,2525.8107967547326
2684.65,243.54697185553343,2388.0,3251.0,863.0,0.09071833268974853,-0.2553060596739465,2850.1,2519.2,-330.9000000000001,5.0,0.25,20.0,2009-08-01,0.0579352898475578,572.3714819352789,2670.6107967547327
2351.409090909091,114.24919299134481,2163.0,2492.0,329.0,0.048587544138129664,-0.0837804374742055,2444.3636363636365,2258.4545454545455,-185.909090909091,2.0,0.09090909090909091,22.0,2009-09-01,-0.3848577815829528,514.8958168316541,2736.2092816032177
2745.681818181818,243.34195661915695,2284.0,3103.0,819.0,0.08862715082561796,0.35858143607705784,2541.7272727272725,2949.6363636363635,407.909090909091,6.0,0.2727272727272727,22.0,2009-10-01,-0.18328722607527115,212.2205495051028,2917.297917966854
3940.5714285714284,470.0153565301347,3185.0,4661.0,1476.0,0.11927593879462525,0.2204081632653061,3536.3,4308.090909090909,771.7909090909088,8.0,0.38095238095238093,21.0,2009-11-01,0.4678157035633801,827.5112385875921,3151.1212262375307
3572.3888888888887,357.9053473396577,3005.0,4107.0,1102.0,0.1001865582027874,-0.2166319082377477,3878.0,3266.777777777778,-611.2222222222222,5.0,0.2777777777777778,18.0,2009-12-01,0.5192545196411349,611.931933074977,3109.42846529477
3168.35,103.2527360412304,2848.0,3299.0,451.0,0.03258880364897515,-0.09299363057324839,3197.5,3139.2,-58.30000000000018,5.0,0.25,20.0,2010-01-01,0.15393924344011256,386.2494317162232,3077.1752044252044
2677.85,56.516612601959785,2566.0,2745.0,179.0,0.021105219710573702,-0.0025500910746812933,2671.3,2684.4,13.099999999999909,1.0,0.05,20.0,2010-02-01,-0.3204411977958237,447.9653069656967,3076.041871091871
3206.8260869565215,215.79754041671902,2760.0,3574.0,814.0,0.06729318477682847,0.086231884057971,3174.6363636363635,3236.3333333333335,61.69696969696997,4.0,0.17391304347826086,23.0,2010-03-01,-0.10233006912247655,294.9255159751954,3218.611370433109
3040.6190476190477,138.18913064226288,2911.0,3359.0,448.0,0.04544769616913098,0.12136409227683043,2955.1,3118.3636363636365,163.26363636363658,2.0,0.09523809523809523,21.0,2010-04-01,-0.04031465980114324,270.5062730041844,3267.7675753393146
3838.0526315789475,241.71873034239184,3352.0,4209.0,857.0,0.06297952465621881,0.21658711217183768,3674.1111111111113,3985.6,311.4888888888886,3.0,0.15789473684210525,19.0,2010-05-01,0.4332590068819939,420.70814337030095,3250.6811091739014
3088.0,573.5530410599275,2406.0,4074.0,1668.0,0.18573608842614234,-0.40942562592047127,3596.7272727272725,2579.2727272727275,-1017.454545454545,8.0,0.36363636363636365,22.0,2010-06-01,-0.03705411011836157,447.34852661995154,3169.9496276924197
1909.7272727272727,181.52039249781822,1700.0,2351.0,651.0,0.09505042688037323,-0.16333475116971496,1988.4545454545455,1831.0,-157.4545454545455,6.0,0.2727272727272727,22.0,2010-07-01,-0.3719281360739084,972.0548903880334,2960.1791731469652
2432.3333333333335,312.2406479339649,1957.0,2861.0,904.0,0.12837082962887414,0.372281234193222,2151.5,2687.6363636363635,536.1363636363635,7.0,0.3333333333333333,21.0,2010-08-01,-0.36625847354972596,590.3872305804578,2919.25972870252
2719.4545454545455,206.17660727742552,2444.0,2995.0,551.0,0.07581542689214685,-0.10762495439620579,2905.909090909091,2533.0,-372.909090909091,3.0,0.13636363636363635,22.0,2010-09-01,-0.11934762129062648,410.5309450842471,2838.0311384521915
2693.3333333333335,89.04537812306356,2452.0,2784.0,332.0,0.03306140276846419,0.09216965742251215,2642.7,2739.3636363636365,96.66363636363667,1.0,0.047619047619047616,21.0,2010-10-01,0.41032354294600215,158.7670768624766,2780.1501860712383
2321.318181818182,167.18699013207186,2099.0,2648.0,549.0,0.07202243597692495,-0.20732628398791542,2467.090909090909,2175.5454545454545,-291.5454545454545,1.0,0.045454545454545456,22.0,2010-11-01,-0.04564142175489305,222.7068906018283,2527.3611111111113
2030.9444444444443,127.5737138643216,1773.0,2179.0,406.0,0.06281496976113436,-0.15410305343511455,2130.5555555555557,1931.3333333333333,-199.2222222222224,1.0,0.05555555555555555,18.0,2010-12-01,-0.25317948489373243,332.03193130500654,2351.185185185185
1401.8,147.9978378220439,1107.0,1693.0,586.0,0.1055769994450306,-0.3461311281748376,1512.9,1290.7,-222.20000000000005,7.0,0.35,20.0,2011-01-01,-0.47952970297029707,470.04491381605095,2266.53063973064
1181.1,95.32832737439591,1043.0,1301.0,258.0,0.08071147859994575,0.15405904059040587,1095.7,1266.5,170.79999999999995,2.0,0.1,20.0,2011-02-01,-0.4911942665805088,440.97747518600124,2057.9917508417507
1492.695652173913,100.45913501112462,1262.0,1585.0,323.0,0.06730048075427782,0.21236133122028522,1426.4545454545455,1553.4166666666667,126.96212121212125,3.0,0.13043478260869565,23.0,2011-03-01,-0.2650238876513271,160.2406315711568,1853.531935294979
1342.5555555555557,84.93279841682823,1250.0,1520.0,270.0,0.06326203639422776,-0.1651315789473684,1412.4444444444443,1272.6666666666667,-139.7777777777776,0.0,0.0,18.0,2011-04-01,-0.04226312201772309,155.8320653171984,1628.4023056653489
1352.4,64.7560035826795,1271.0,1480.0,209.0,0.04788228599724896,0.1455108359133126,1319.1,1385.7,66.60000000000014,2.0,0.1,20.0,2011-05-01,0.14503429006858037,83.98594298851859,1466.9159420289855
1433.2272727272727,28.202082157467185,1400.0,1489.0,89.0,0.019677327311670358,-0.048484848484848464,1445.4545454545455,1421.0,-24.454545454545496,0.0,0.0,22.0,2011-06-01,-0.0398395877686335,49.75158523093869,1367.296413409457
1365.5238095238096,59.05092156663164,1264.0,1453.0,189.0,0.04324415374875381,-0.11111111111111116,1421.2,1314.909090909091,-106.29090909090905,0.0,0.0,21.0,2011-07-01,0.017107861103557553,43.3763401768374,1361.250381663425
1386.9545454545455,134.1571254071906,1253.0,1619.0,366.0,0.09672784580205791,0.2890127388535031,1269.1818181818182,1504.7272727272727,235.5454545454545,5.0,0.22727272727272727,22.0,2011-08-01,0.025550536420101633,34.60298797710753,1395.5594725725161
1840.409090909091,75.74638250642678,1682.0,1928.0,246.0,0.04115736163257648,0.129013079667063,1810.3636363636363,1870.4545454545455,60.090909090909236,5.0,0.22727272727272727,22.0,2011-09-01,0.2841013605657925,268.2027627599525,1453.5117123617126
2072.4761904761904,97.83835991676175,1885.0,2173.0,288.0,0.04720843615302598,0.04188759278897147,2023.9,2116.6363636363635,92.73636363636342,3.0,0.14285714285714285,21.0,2011-10-01,0.5177151625052308,348.66796270190474,1575.1651515151516
1835.3181818181818,40.1343044874857,1759.0,1912.0,153.0,0.021867763794355337,-0.03451882845188281,1821.6363636363637,1849.0,27.36363636363626,0.0,0.0,22.0,2011-11-01,0.32327204797954967,135.47753634681249,1655.651515151515
1868.8235294117646,47.014685182795496,1738.0,1930.0,192.0,0.025157370100960762,-0.06659505907626206,1876.875,1861.6666666666667,-15.208333333333258,1.0,0.058823529411764705,17.0,2011-12-01,0.015439196993228377,128.3490915087585,1728.2508912655974
1039.3809523809523,280.2377351618029,680.0,1624.0,944.0,0.26961984873770384,-0.5812807881773399,1287.9,813.4545454545455,-474.4454545454546,18.0,0.8571428571428571,21.0,2012-01-01,-0.49848352557327336,469.5057099605255,1673.8937484084543
702.6190476190476,31.545094238590284,647.0,750.0,103.0,0.0448964404615653,0.13293051359516617,681.7,721.6363636363636,39.93636363636358,0.0,0.0,21.0,2012-02-01,-0.6171677180667448,600.1966986530244,1559.8378321025382
858.9545454545455,53.80053841630488,763.0,934.0,171.0,0.06263490740110639,0.2241153342070774,812.6363636363636,905.2727272727273,92.63636363636363,0.0,0.0,22.0,2012-03-01,-0.5403768563825221,168.52450697097186,1396.2620745267802
1020.5263157894736,85.56952754527354,926.0,1156.0,230.0,0.08384842822899419,0.2366167023554604,944.2222222222222,1089.2,144.97777777777787,1.0,0.05263157894736842,19.0,2012-04-01,-0.018140256032485036,158.9608211732068,1220.9370954123276
1103.695652173913,70.68019511218407,923.0,1165.0,242.0,0.06403957012331037,-0.1987847222222222,1149.0,1062.1666666666667,-86.83333333333326,2.0,0.08695652173913043,23.0,2012-05-01,0.5708308163776465,124.44596203583805,1099.0000071382826
937.421052631579,44.714669427938986,872.0,1004.0,132.0,0.04769966420362926,0.11061946902654873,894.0,976.5,82.5,0.0,0.0,19.0,2012-06-01,0.0913511752074263,83.13730182883596,943.7662610082517
1056.4545454545455,80.29362437767072,897.0,1162.0,265.0,0.0760029143924256,-0.1145113524185587,1115.909090909091,997.0,-118.90909090909099,3.0,0.13636363636363635,22.0,2012-07-01,0.03520558863519163,85.68151981885059,946.6118598538509
758.9130434782609,57.49473551966625,703.0,878.0,175.0,0.07575931921812225,-0.1993166287015945,808.0,713.9166666666666,-94.08333333333337,0.0,0.0,23.0,2012-08-01,-0.3123892062241481,149.75815344746192,955.994192497053
707.05,42.63035890067078,661.0,774.0,113.0,0.06029327331966732,0.09742120343839544,673.3,740.8,67.5,3.0,0.15,20.0,2012-09-01,-0.24574981752849367,188.5489578604508,930.6767682546287
952.4347826086956,98.27725911794319,777.0,1109.0,332.0,0.10318528986180468,0.3204633204633205,861.4545454545455,1035.8333333333333,174.37878787878776,6.0,0.2608695652173913,23.0,2012-10-01,-0.09846118159404083,129.3278330000655,919.3281793911657
1024.6363636363637,62.257197798214065,916.0,1104.0,188.0,0.06076028531455546,0.08600000000000008,969.1818181818181,1080.090909090909,110.90909090909088,1.0,0.045454545454545456,22.0,2012-11-01,0.3501367151897088,166.47715469232924,906.1516313015742
855.6875,130.80028609964887,699.0,1077.0,378.0,0.15285987711594345,-0.350974930362117,971.5,739.875,-231.625,8.0,0.5,16.0,2012-12-01,0.2102220493600171,84.77108736593804,892.5293725296442
770.5909090909091,42.63018466565796,698.0,838.0,140.0,0.05532142173329057,0.08882521489971351,737.4545454545455,803.7272727272727,66.27272727272725,2.0,0.09090909090909091,22.0,2013-01-01,-0.1909252757650456,129.30857234004034,844.8854331357048
744.95,5.6167161224331075,735.0,757.0,22.0,0.0075397222933527176,0.009333333333333416,746.3,743.6,-2.699999999999932,0.0,0.0,20.0,2013-02-01,-0.2729615828231745,57.967922034162015,842.5582592226615
876.1,49.83462651610826,776.0,935.0,159.0,0.05688234963600988,0.17268041237113407,833.5,918.7,85.20000000000005,0.0,0.0,20.0,2013-03-01,0.02385508728361696,69.51012753982398,870.7332592226616
874.0,11.195237082497776,856.0,896.0,40.0,0.012809195746564962,-0.036830357142857095,868.9,878.6363636363636,9.736363636363649,0.0,0.0,21.0,2013-04-01,0.1341945378399103,75.12060857951873,857.6607954545456
851.3809523809524,27.613792603518146,809.0,892.0,83.0,0.032434120737954084,-0.061484918793503485,877.9,827.2727272727273,-50.627272727272725,0.0,0.0,21.0,2013-05-01,0.14286992735210724,13.705610958825861,828.7848935786436
940.5,126.37305883771272,801.0,1171.0,370.0,0.1343679519805558,0.45285359801488845,829.0,1052.0,223.0,6.0,0.3,20.0,2013-06-01,0.07350759045771027,46.32507593780589,842.9203102453102
1123.1304347826087,31.371968029944085,1062.0,1179.0,117.0,0.02793261321960026,-0.0992366412213741,1135.2727272727273,1112.0,-23.272727272727252,1.0,0.043478260869565216,23.0,2013-07-01,0.285046264053328,138.53029845676286,901.6768978605936
1088.095238095238,58.03439436838482,996.0,1169.0,173.0,0.05333576725322018,0.06191369606003749,1033.5,1137.7272727272727,104.22727272727275,1.0,0.047619047619047616,21.0,2013-08-01,0.27803568432238923,96.92410692936963,958.8677708764666
1680.5238095238096,310.76014622329814,1139.0,2127.0,988.0,0.1849186214810932,0.7585601404741,1405.7,1930.3636363636363,524.6636363636362,11.0,0.5238095238095238,21.0,2013-09-01,0.7868408394724185,332.38693602921506,1092.9384057971013
1883.1739130434783,197.60625147959902,1484.0,2146.0,662.0,0.10493255567683554,-0.2457372116349047,2039.909090909091,1739.5,-300.409090909091,7.0,0.30434782608695654,23.0,2013-10-01,0.6767187983895941,413.15630134752564,1261.1340579710145
1558.857142857143,78.98841730296418,1483.0,1821.0,338.0,0.050670722243470426,0.1940983606557376,1560.8,1557.090909090909,-3.7090909090909463,4.0,0.19047619047619047,21.0,2013-11-01,0.43264770240700234,163.83488113469969,1379.0467563837128
2178.0588235294117,132.41488746415686,1865.0,2337.0,472.0,0.06079490876632367,0.22091152815013415,2102.625,2245.1111111111113,142.4861111111113,5.0,0.29411764705882354,17.0,2013-12-01,0.29605948525453063,309.7173978548487,1585.3065603052817
1472.409090909091,299.31234204284584,1110.0,2113.0,1003.0,0.20328069412967642,-0.47468054898248935,1687.0,1257.8181818181818,-429.18181818181824,11.0,0.5,22.0,2014-01-01,-0.21812367901301932,384.8864620855146,1643.5196696596952
1139.85,56.04576255168628,1084.0,1258.0,174.0,0.04916941926717225,0.15096065873741993,1092.1,1187.6,95.5,0.0,0.0,20.0,2014-02-01,-0.26879123900293267,530.1595130002322,1652.1454633104888
1484.142857142857,95.89293916818342,1276.0,1621.0,345.0,0.06461166369980595,0.06739811912225702,1455.5,1510.1818181818182,54.681818181818244,9.0,0.42857142857142855,21.0,2014-03-01,-0.3185937674824163,195.47838827520573,1619.4153045803303
1045.35,123.45982139951442,930.0,1316.0,386.0,0.11810381345914234,-0.2834346504559271,1139.4,951.3,-188.10000000000014,6.0,0.3,20.0,2014-04-01,-0.2900410582533265,230.94263102890537,1479.7779857397502
992.6666666666666,27.763170762606542,934.0,1027.0,93.0,0.027968271419684228,-0.05941591137965763,1004.7,981.7272727272727,-22.972727272727298,1.0,0.047619047619047616,21.0,2014-05-01,-0.12912517728940942,269.8343784916432,1385.4129063746711
911.5714285714286,56.05827871282615,824.0,1004.0,180.0,0.06149630951101443,-0.08993576017130622,962.8,865.0,-97.79999999999995,4.0,0.19047619047619047,21.0,2014-06-01,-0.3857926653190875,67.39025328443954,1174.3316738816739
795.5652173913044,65.73915919023986,723.0,894.0,171.0,0.08263201778202628,-0.15548098434004476,857.1818181818181,739.0833333333334,-118.09848484848476,3.0,0.13043478260869565,23.0,2014-07-01,-0.23894846951613868,99.06467582736293,1061.5243616287094
937.1,145.94790166357308,751.0,1147.0,396.0,0.15574421263853705,0.5272969374167775,800.1,1074.1,273.9999999999999,6.0,0.3,20.0,2014-08-01,-0.05597716588314294,75.43346260092,1027.7326949620428
1122.7272727272727,51.948560062450085,1038.0,1197.0,159.0,0.04626997252525918,-0.07645525629887051,1167.6363636363637,1077.8181818181818,-89.81818181818198,1.0,0.045454545454545456,22.0,2014-09-01,0.23163938396660555,164.07548543279998,967.4967642261121
1100.9565217391305,169.85095211899105,930.0,1428.0,498.0,0.15427580359911516,0.35355450236966823,994.7272727272727,1198.3333333333333,203.6060606060605,6.0,0.2608695652173913,23.0,2014-10-01,0.38386708929937696,101.47282862531787,976.7645178493004
1332.15,91.09625403934017,1153.0,1484.0,331.0,0.06838288033580314,-0.20810439560439564,1391.2,1273.1,-118.10000000000014,5.0,0.25,20.0,2014-11-01,0.4215665350549569,127.65987929352865,1033.345073404856
909.6111111111111,112.43572924064905,782.0,1137.0,355.0,0.12360857059376308,-0.31222515391380823,1002.1111111111111,817.1111111111111,-185.0,4.0,0.2222222222222222,18.0,2014-12-01,-0.18982006297795773,211.58237291984707,1033.0183538281365
725.1904761904761,43.49342484255692,608.0,771.0,163.0,0.05997517379300646,-0.21141374837872895,745.8,706.4545454545455,-39.34545454545446,5.0,0.23809523809523808,21.0,2015-01-01,-0.3413087057743879,311.16714338953295,1021.2892302946651
542.4444444444445,23.317190182882058,509.0,590.0,81.0,0.04298539771526803,-0.0847457627118644,562.4444444444445,522.4444444444445,-40.0,0.0,0.0,18.0,2015-02-01,-0.5928052813538682,183.58396980433452,955.5133043687391
575.9545454545455,17.200627030661813,548.0,602.0,54.0,0.029864556441840412,0.0985401459854014,561.1818181818181,590.7272727272727,29.545454545454618,0.0,0.0,22.0,2015-03-01,-0.36681232405901065,97.28857590642544,864.3845164899514
591.35,8.259993946729015,578.0,601.0,23.0,0.013968028995906002,-0.008389261744966459,584.5,598.2,13.700000000000045,0.0,0.0,20.0,2015-04-01,-0.18455906494188712,25.005666873466946,779.4500962000961
597.0,21.76428750330035,573.0,637.0,64.0,0.03645609297035234,0.0034071550255536653,591.8888888888889,601.6,9.711111111111109,1.0,0.05263157894736842,19.0,2015-05-01,0.10057353543629666,10.89230368838715,656.9250962000962
699.0454545454545,91.22423784416034,589.0,829.0,240.0,0.130498291993727,0.3582342954159592,614.3636363636364,783.7272727272727,169.36363636363637,4.0,0.18181818181818182,22.0,2015-06-01,0.21371636019256557,60.61285372935006,621.8308201058202
975.3478260869565,125.28840075936527,794.0,1131.0,337.0,0.12845509817970852,0.42443324937027715,851.9090909090909,1088.5,236.59090909090912,4.0,0.17391304347826086,23.0,2015-07-01,0.649357953981494,195.74786197969118,663.5237117552334
1065.55,105.40800491423789,903.0,1222.0,319.0,0.09892356521443188,-0.21546481320590793,1152.7,978.4,-174.30000000000007,3.0,0.15,20.0,2015-08-01,0.7848408710217756,190.9646627594941,750.7079710144927
888.6818181818181,49.851038435100335,802.0,978.0,176.0,0.0560954859379166,-0.01207464324917673,858.3636363636364,919.0,60.636363636363626,3.0,0.13636363636363635,22.0,2015-09-01,0.27127901684114697,88.4399823276249,802.829183135705
793.0,51.32162400888237,721.0,889.0,168.0,0.06471831526971294,-0.18806306306306309,832.7272727272727,753.2727272727273,-79.4545454545455,1.0,0.045454545454545456,22.0,2015-10-01,-0.18695671555298,138.2756103888122,836.4375164690382
582.2380952380952,57.73412357473967,498.0,706.0,208.0,0.09915895927615385,-0.17280453257790374,630.2,538.6363636363636,-91.56363636363642,9.0,0.42857142857142855,21.0,2015-11-01,-0.4535797520171787,156.78187935323965,833.9771990087206
519.1666666666666,43.649169522454834,471.0,598.0,127.0,0.08407544691323564,-0.2006688963210702,558.7777777777778,479.55555555555554,-79.22222222222229,1.0,0.05555555555555555,18.0,2015-12-01,-0.41580140828261125,143.4011157822143,803.9974010289228
386.3,47.27377708624518,317.0,473.0,156.0,0.12237581435735227,-0.32980972515856233,424.9,347.7,-77.19999999999999,5.0,0.25,20.0,2016-01-01,-0.5128625472887768,100.01940926543678,705.8227633477633
306.9047619047619,12.828186086763942,290.0,329.0,39.0,0.04179858926641471,0.047770700636942776,297.7,315.27272727272725,17.572727272727263,0.0,0.0,21.0,2016-02-01,-0.4728878711049316,107.24758828416779,579.3818903318903
383.3333333333333,26.362551602303732,332.0,429.0,97.0,0.06877187374514017,0.29216867469879526,361.9,402.8181818181818,40.918181818181836,2.0,0.09523809523809523,21.0,2016-03-01,-0.261637239165329,45.00690960671834,495.15714285714284
607.4761904761905,86.75944798152508,450.0,715.0,265.0,0.14281950361464504,0.5622222222222222,524.3,683.0909090909091,158.79090909090917,8.0,0.38095238095238093,21.0,2016-04-01,0.5725503248154038,156.21807973279093,464.23650793650796
619.9,24.572138694057543,579.0,682.0,103.0,0.039638875131565644,-0.1026392961876833,618.8,621.0,2.2000000000000455,4.0,0.2,20.0,2016-05-01,1.0198448409619858,133.1403765637236,470.51349206349204
607.8636363636364,17.69770261039411,580.0,660.0,80.0,0.02911459339180965,0.07843137254901955,608.4545454545455,607.2727272727273,-1.1818181818182438,1.0,0.045454545454545456,22.0,2016-06-01,0.5857312252964428,7.063700719640485,485.29632034632033
707.4285714285714,26.11434823374823,656.0,748.0,92.0,0.03691446640473296,-0.03101920236336775,703.2,711.2727272727273,8.072727272727207,0.0,0.0,21.0,2016-07-01,0.16453711687700867,54.343507984779144,538.8177489177489
672.9090909090909,29.77935387739922,631.0,720.0,89.0,0.04425464639980971,0.09384615384615391,647.0909090909091,698.7272727272727,51.636363636363626,0.0,0.0,22.0,2016-08-01,0.08551232603499104,50.55637445300749,599.8184704184704
827.7727272727273,75.55788378225591,712.0,941.0,229.0,0.09127853732412444,0.228932584269663,762.7272727272727,892.8181818181819,130.09090909090912,7.0,0.3181818181818182,22.0,2016-09-01,0.3617737231735587,81.29888913662502,673.8917027417027
868.4761904761905,38.03209051967893,798.0,922.0,124.0,0.0437917480487585,-0.00810185185185186,895.6,843.8181818181819,-51.78181818181815,2.0,0.09523809523809523,21.0,2016-10-01,0.2276521270866989,103.18753818312238,717.3917027417028
1071.8181818181818,153.229666117604,834.0,1257.0,423.0,0.14296236872719628,0.4367541766109786,934.4545454545455,1209.1818181818182,274.72727272727275,5.0,0.22727272727272727,22.0,2016-11-01,0.5928127533099161,130.74333714325144,792.7113997113997
1049.5294117647059,106.99319255258793,914.0,1198.0,284.0,0.10194396779475366,-0.1964882943143813,1152.375,958.1111111111111,-194.2638888888889,4.0,0.23529411764705882,17.0,2016-12-01,0.26789561577198007,111.52355778975794,866.3223622782447
907.1428571428571,51.01660393980591,800.0,983.0,183.0,0.05623877599663644,-0.16054564533053517,936.4,880.5454545454545,-55.85454545454547,3.0,0.14285714285714285,21.0,2017-01-01,0.04452242570457288,89.3389451887606,899.608076563959
759.45,63.47477845569844,685.0,878.0,193.0,0.08357993081269134,0.09287531806615767,724.1,794.8,70.69999999999993,4.0,0.2,20.0,2017-02-01,-0.29143765903307883,145.04779448972633,914.0315614124438
1141.391304347826,133.3119059657153,871.0,1338.0,467.0,0.11679772349578899,0.48909299655568317,1025.3636363636363,1247.75,222.38636363636374,8.0,0.34782608695652173,23.0,2017-03-01,0.08752674441839714,192.59831906328677,966.3013242582934
1221.8333333333333,56.98562196827469,1109.0,1296.0,187.0,0.046639439613920086,-0.13494539781591264,1252.111111111111,1191.5555555555557,-60.55555555555543,1.0,0.05555555555555555,18.0,2017-04-01,0.34690288713910755,247.03185588732222,1025.1941814011507
973.1428571428571,46.82824312038085,878.0,1073.0,195.0,0.04812062563750234,-0.18173345759552662,1013.8,936.1818181818181,-77.61818181818182,2.0,0.09523809523809523,21.0,2017-05-01,0.2813784411651288,126.9024644902351,1008.7482939552632
860.2272727272727,30.68451166628446,818.0,929.0,111.0,0.03567023813253676,0.06000000000000005,843.0,877.4545454545455,34.454545454545496,2.0,0.09090909090909091,22.0,2017-06-01,-0.24633447841203437,185.00262395388424,977.1979374490243
906.047619047619,54.71787049469235,820.0,980.0,160.0,0.060391826372446486,0.07256235827664392,854.8,952.6363636363636,97.83636363636367,2.0,0.09523809523809523,21.0,2017-07-01,-0.2584523647134478,56.79085066574067,977.0153977664846
1141.7727272727273,93.17087518892947,965.0,1266.0,301.0,0.08160194490849351,0.22694300518134725,1062.8181818181818,1220.7272727272727,157.909090909091,5.0,0.22727272727272727,22.0,2017-08-01,0.17328377729141087,151.07044370094636,1040.7358523119392
1363.5238095238096,93.79187651269827,1183.0,1503.0,320.0,0.06878638704919549,0.14623837700760767,1286.0,1434.0,148.0,2.0,0.09523809523809523,21.0,2017-09-01,0.5850739133169782,228.77366324965902,1077.7579365079366
1484.2272727272727,91.72435575143894,1308.0,1588.0,280.0,0.061799400561408036,0.14608433734939763,1406.4545454545455,1562.0,155.5454545454545,1.0,0.045454545454545456,22.0,2017-10-01,0.6381338480723566,173.6941681094706,1121.4902597402597
1453.8636363636363,54.535472571483616,1361.0,1578.0,217.0,0.03751072054314959,0.05481283422459904,1459.909090909091,1447.8181818181818,-12.090909090909236,0.0,0.0,22.0,2017-11-01,0.2733389068036147,62.78609288171789,1201.6103896103898
1618.6875,107.61082586687085,1366.0,1743.0,377.0,0.06648029707208516,-0.15990159901599021,1684.375,1553.0,-131.375,5.0,0.3125,16.0,2017-12-01,0.18713548578612826,87.71963781996969,1328.0204274891776
1242.0,84.48076704197234,1125.0,1395.0,270.0,0.06801994125762668,-0.06341463414634141,1310.6363636363637,1173.3636363636363,-137.27272727272748,7.0,0.3181818181818182,22.0,2018-01-01,-0.1632009310017456,188.83263272609906,1384.012490981241
1124.6,38.105642626781666,1082.0,1192.0,110.0,0.033883729883319995,0.07001795332136451,1104.6,1144.6,40.0,1.0,0.05,20.0,2018-02-01,-0.22647491011411602,258.1339091481496,1381.1503697691198
1154.2380952380952,44.43819117006362,1055.0,1212.0,157.0,0.03850002122906622,-0.11789297658862874,1195.4,1116.8181818181818,-78.58181818181833,1.0,0.047619047619047616,21.0,2018-03-01,-0.28692962956834156,61.050974080292924,1346.2694173881673
1128.9,165.26732889473345,948.0,1376.0,428.0,0.14639678350140264,0.3198818897637796,983.1,1274.7,291.6,6.0,0.3,20.0,2018-04-01,-0.09106280193236704,16.015231082596426,1287.0482052669552
1293.095238095238,149.88405193663303,1042.0,1476.0,434.0,0.11591106944096091,-0.17859834212509418,1419.9,1177.8181818181818,-242.08181818181833,7.0,0.3333333333333333,21.0,2018-05-01,0.14982681673060472,88.39626821500141,1260.2534722222222
1351.6190476190477,74.40076560696465,1156.0,1445.0,289.0,0.05504566226558123,0.19809688581314888,1333.8,1367.8181818181818,34.0181818181818,7.0,0.3333333333333333,21.0,2018-06-01,0.17100540451338775,115.46203320197235,1215.7420634920634
1649.7727272727273,87.3810525635131,1422.0,1774.0,352.0,0.05296550919953955,0.22855133614627277,1585.6363636363637,1713.909090909091,128.27272727272725,5.0,0.22727272727272727,22.0,2018-07-01,0.4613984651189007,191.28490281004727,1283.7041847041846
1710.409090909091,45.5697857346381,1579.0,1773.0,194.0,0.026642623672221907,-0.10284090909090904,1731.2727272727273,1689.5454545454545,-41.72727272727275,0.0,0.0,22.0,2018-08-01,0.32272476188882027,192.05150370420063,1381.3390331890332
1447.35,62.22883174220773,1356.0,1557.0,201.0,0.04299501277659705,-0.010918432883750828,1460.1,1434.6,-25.5,1.0,0.05,20.0,2018-09-01,0.07082687429537748,137.7508707907219,1430.1910173160175
1544.695652173913,30.0744507812206,1490.0,1584.0,94.0,0.019469499210990594,-0.04180064308681675,1544.8181818181818,1544.5833333333333,-0.23484848484849863,1.0,0.043478260869565216,23.0,2018-10-01,-0.06369184879939149,133.0020081832386,1499.4902926783361
1192.0,159.4459155952262,1003.0,1470.0,467.0,0.13376335200941797,-0.16258503401360547,1240.909090909091,1143.090909090909,-97.81818181818198,10.0,0.45454545454545453,22.0,2018-11-01,-0.30309070132078986,182.15104609438686,1482.6410863291296
1335.125,59.61635157404385,1203.0,1406.0,203.0,0.04465226220319734,0.05652535328345798,1318.625,1351.625,33.0,3.0,0.1875,16.0,2018-12-01,-0.0775382595778491,177.38792092478772,1479.8920783926217
1063.3181818181818,179.28149181046302,668.0,1282.0,614.0,0.16860568630916029,-0.4789391575663027,1201.090909090909,925.5454545454545,-275.5454545454545,12.0,0.5454545454545454,22.0,2019-01-01,-0.31163256637530456,135.9673504717451,1382.1496541501976
628.75,17.578040277573606,595.0,658.0,63.0,0.02795712171383476,0.020155038759689825,617.7,639.8,22.09999999999991,3.0,0.15,20.0,2019-02-01,-0.4725251677852349,356.29905315713484,1201.8731389986824
680.4285714285714,24.096179164758382,645.0,730.0,85.0,0.035413238327379526,0.03765060240963858,658.9,700.0,41.10000000000002,2.0,0.09523809523809523,21.0,2019-03-01,-0.49036339561571285,237.39019677109388,1074.0529009034442
773.25,88.8481147802248,672.0,1011.0,339.0,0.11490218529612002,0.475912408759124,706.8,839.7,132.9000000000001,4.0,0.2,20.0,2019-04-01,-0.27279528063950753,73.21969492229925,945.4786255411254
1035.6666666666667,45.53944740377588,936.0,1107.0,171.0,0.04397114329299248,0.06304558680892347,1001.2,1067.0,65.79999999999995,4.0,0.19047619047619047,21.0,2019-05-01,0.6471835652750166,184.2427876720554,919.4230699855699
1174.4,89.25099439221951,1062.0,1354.0,292.0,0.0759971001296147,0.22756119673617414,1109.9,1238.9,129.0,3.0,0.15,20.0,2019-06-01,0.7259710266638675,203.72807334875057,892.63556998557
1869.7391304347825,214.2654220295583,1381.0,2191.0,810.0,0.11459642606919916,0.35264301230992046,1698.7272727272727,2026.5,327.77272727272725,8.0,0.34782608695652173,23.0,2019-07-01,1.4180266801613741,446.9191423713995,1027.03906142167
1981.857142857143,206.1195413009704,1712.0,2378.0,666.0,0.1040032285091035,0.3123620309050772,1787.6,2158.4545454545455,370.8545454545456,4.0,0.19047619047619047,21.0,2019-08-01,0.913605223228654,437.4269448670799,1252.5569185645272
2254.714285714286,203.62527274550249,1823.0,2518.0,695.0,0.09031089838551083,-0.2534807534807535,2424.6,2100.2727272727275,-324.32727272727243,3.0,0.14285714285714285,21.0,2019-09-01,0.9198861424678861,198.00140542442998,1514.9378709454795
1825.8695652173913,56.34312916548733,1731.0,1929.0,198.0,0.03085824433399711,-0.04311774461028195,1840.6363636363637,1812.3333333333333,-28.303030303030482,1.0,0.043478260869565216,23.0,2019-10-01,-0.023462933680587827,217.0602600985328,1690.3744651483782
1419.2857142857142,127.74943587878163,1255.0,1697.0,442.0,0.09000966795686678,-0.09958750736593991,1479.5,1364.5454545454545,-114.9545454545455,7.0,0.3333333333333333,21.0,2019-11-01,-0.2838607366827651,417.76371313933674,1754.3109730848857
1380.7058823529412,184.85949026725274,1090.0,1606.0,516.0,0.13388766762710022,-0.30484693877551017,1555.625,1225.2222222222222,-330.4027777777778,4.0,0.23529411764705882,17.0,2019-12-01,-0.38763598957925693,246.63385000575286,1788.6952868103763
726.04,143.71485100712454,487.0,976.0,489.0,0.19794343425585992,-0.5010245901639344,841.0,619.9230769230769,-221.0769230769231,10.0,0.4,25.0,2020-01-01,-0.6023593284914871,389.5864134618836,1598.0787650712457
460.6,40.5590926920216,411.0,535.0,124.0,0.08805708356930438,0.148068669527897,429.1,492.1,63.0,7.0,0.35,20.0,2020-02-01,-0.6754705586311021,473.5751692986699,1344.5359079283887
601.0909090909091,31.596762047729293,539.0,633.0,94.0,0.05256569608666398,0.16141001855287573,602.4545454545455,599.7272727272727,-2.727272727272748,4.0,0.18181818181818182,22.0,2020-03-01,-0.5646495631158208,132.79581096326547,1068.9320118244925
663.9,48.11538215581375,596.0,757.0,161.0,0.07247383966834425,0.017628205128205066,641.7,686.1,44.39999999999998,7.0,0.35,20.0,2020-04-01,-0.08558757093273095,104.09416205065388,875.2704176215942
489.10526315789474,61.54407469605751,393.0,617.0,224.0,0.12582991705854865,-0.1831442463533225,504.0,475.7,-28.30000000000001,13.0,0.6842105263157895,19.0,2020-05-01,0.061887240898599094,88.54280210131118,720.240342433624
1146.4545454545455,469.21546972024845,520.0,1799.0,1279.0,0.4092752491414426,2.4596153846153848,716.3636363636364,1576.5454545454545,860.1818181818181,14.0,0.6363636363636364,22.0,2020-06-01,0.9072897761645493,340.4703042123282,681.1984529505581
1632.8260869565217,228.41545903937055,1264.0,1956.0,692.0,0.1398896434004932,-0.2512479201331115,1829.4545454545455,1452.5833333333333,-376.87121212121224,8.0,0.34782608695652173,23.0,2020-07-01,1.4594458306319051,573.9864513658952,832.3294674433118
1522.0588235294117,51.219792346588854,1385.0,1598.0,213.0,0.03365165101031925,0.07436823104693135,1526.5,1518.111111111111,-8.388888888888914,2.0,0.11764705882352941,17.0,2020-08-01,2.111924851722675,254.9199994568268,1009.2392713648804
1410.7727272727273,147.90627616475788,1267.0,1725.0,458.0,0.10484061203159692,0.1726716519374576,1341.1818181818182,1480.3636363636363,139.18181818181802,6.0,0.2727272727272727,22.0,2020-09-01,0.23055269209420337,111.02678086402695,1144.18624106185
1630.7727272727273,281.62030076266325,1283.0,2097.0,814.0,0.17269132359948133,-0.31353665061530234,1881.8181818181818,1379.7272727272727,-502.090909090909,13.0,0.5909090909090909,22.0,2020-10-01,-0.0012575495334116171,110.00250609818809,1305.3316956073047
1183.65,49.500782822092816,1111.0,1284.0,173.0,0.041820456065638334,-0.04439252336448596,1194.4,1172.9,-21.5,2.0,0.1,20.0,2020-11-01,-0.22233623188405793,223.57081893952312,1421.0891517476557
1243.6666666666667,77.73387649895993,1121.0,1366.0,245.0,0.0625037870535727,0.1279933938893476,1175.0,1312.3333333333333,137.33333333333326,4.0,0.2222222222222222,18.0,2020-12-01,-0.1184500220167326,242.6835510425235,1437.2911719496758
1657.5,167.09233974063562,1374.0,1856.0,482.0,0.1008098580637319,0.05676855895196509,1628.3,1686.7,58.40000000000009,9.0,0.45,20.0,2021-01-01,0.016389330211556086,258.003181684415,1441.4034907902553
1499.6,184.63217487751152,1303.0,1770.0,467.0,0.12312094883803117,0.15997229916897515,1338.9,1660.3,321.39999999999986,5.0,0.25,20.0,2021-02-01,0.2669285684112701,208.84296687903185,1437.6603535353536
2017.608695652174,191.10928790717008,1651.0,2319.0,668.0,0.09472069005203991,0.23924894003634156,1849.2727272727273,2171.9166666666665,322.64393939393926,5.0,0.21739130434782608,23.0,2021-03-01,0.6223066435155513,265.5006878383118,1538.7996815985946
2475.05,348.9271378096006,2072.0,3053.0,981.0,0.14097781370461226,0.47345559845559837,2163.5,2786.6,623.0999999999999,2.0,0.1,20.0,2021-04-01,0.493242835595777,488.0382939542798,1679.5125603864733
2965.2631578947367,208.2781141963447,2596.0,3266.0,670.0,0.07023933563596998,-0.17770034843205573,3163.0,2787.3,-375.6999999999998,5.0,0.2631578947368421,19.0,2021-05-01,0.97736940377083,473.92166492380625,1976.448086702263
2932.0,351.02693499346896,2420.0,3418.0,998.0,0.11972269269900032,0.31736760124610597,2621.090909090909,3242.909090909091,621.818181818182,4.0,0.18181818181818182,22.0,2021-06-01,0.45320547354810903,273.92781298070594,2257.8369755911517
3187.9545454545455,90.95127430399566,3039.0,3338.0,299.0,0.028529664713593847,-0.013780707010185744,3235.2727272727275,3140.6363636363635,-94.63636363636397,1.0,0.045454545454545456,22.0,2021-07-01,0.2880364216700855,139.17053154635826,2512.912733166909
3720.0,360.2713263242421,3281.0,4235.0,954.0,0.09684713073232315,0.258988421694089,3385.3,4024.2727272727275,638.9727272727273,2.0,0.09523809523809523,21.0,2021-08-01,0.2545260915867946,401.9803260196954,2882.979399833576
4287.772727272727,451.72657979419586,3618.0,5197.0,1579.0,0.1053522676052656,0.2875654124096685,3929.909090909091,4645.636363636364,715.727272727273,7.0,0.3181818181818182,22.0,2021-09-01,0.4624054322212574,550.0057982414224,3261.340071770335
4819.952380952381,646.730346117738,3519.0,5650.0,2131.0,0.13417774596145485,-0.32352941176470584,5383.5,4307.636363636364,-1075.863636363636,9.0,0.42857142857142855,21.0,2021-10-01,0.5119263189698777,550.0721610219523,3652.1571352623982
2780.4545454545455,218.56551488631655,2430.0,3428.0,998.0,0.07860783598984737,-0.11960326721120185,2889.5454545454545,2671.3636363636365,-218.18181818181802,11.0,0.5,22.0,2021-11-01,-0.2525659824046921,1057.8889911856438,3621.3556998557
2832.1111111111113,447.196438180122,2217.0,3423.0,1206.0,0.15790215165840552,-0.272399081063341,3241.5555555555557,2422.6666666666665,-818.8888888888891,6.0,0.3333333333333333,18.0,2021-12-01,-0.33949131839539015,1162.8795248476954,3604.707551707552
1760.8,379.0624750618294,1296.0,2296.0,1000.0,0.21527855239767685,-0.37943107221006567,2098.2,1423.4,-674.7999999999997,12.0,0.6,20.0,2022-01-01,-0.6346851875635997,604.1621318862154,3366.8484607984606
1834.9,282.0014007057412,1419.0,2244.0,825.0,0.1536876127885668,0.41666666666666674,1624.4,2045.4,421.0,9.0,0.45,20.0,2022-02-01,-0.3400719306849763,598.2792417862111,3052.665127465127
2464.086956521739,201.5241733355166,2069.0,2727.0,658.0,0.08178452176865726,0.139681005316578,2403.7272727272725,2519.4166666666665,115.689393939394,6.0,0.2608695652173913,23.0,2022-03-01,-0.12994693363036414,386.4323096116628,2748.717499006629
2220.3684210526317,140.31063677513464,2031.0,2425.0,394.0,0.06319250239949648,0.01994060246075513,2139.4444444444443,2293.2,153.75555555555547,6.0,0.3157894736842105,19.0,2022-04-01,0.2609997847868195,317.24355901452736,2315.4535056900045
2943.0476190476193,289.28310012536264,2412.0,3369.0,957.0,0.0982937205137631,0.06384742951907141,2838.7,3037.909090909091,199.20909090909117,12.0,0.5714285714285714,21.0,2022-05-01,0.6039280718554794,367.66544212395513,2342.5523512888503
2389.45,131.35123714681944,2186.0,2633.0,447.0,0.05497132693583019,-0.14925939992404103,2417.2,2361.7,-55.5,7.0,0.35,20.0,2022-06-01,-0.03028990365952644,378.0044372246868,2268.7754994369984
2076.9523809523807,76.66282155397609,1895.0,2214.0,319.0,0.0369112081032992,-0.14408310749774167,2076.0,2077.818181818182,1.8181818181819835,3.0,0.14285714285714285,21.0,2022-07-01,-0.06459110062115736,438.60499449523303,2321.467562929062
1411.9545454545455,242.62006910782193,965.0,1872.0,907.0,0.17183277598339125,-0.48450854700854706,1612.909090909091,1211.0,-401.909090909091,11.0,0.5,22.0,2022-08-01,-0.5202406728602444,499.22844583490223,2250.9766538381527
1487.142857142857,291.89157897676836,1002.0,1816.0,814.0,0.19627675819763482,0.7564870259481038,1211.8,1737.4545454545455,525.6545454545455,10.0,0.47619047619047616,21.0,2022-09-01,-0.37762126968848175,364.1773097928867,2088.152637275006
1813.857142857143,135.3954651116097,1463.0,1996.0,533.0,0.0746450544050774,-0.18176733780760623,1897.9,1737.4545454545455,-160.4454545454546,5.0,0.23809523809523808,21.0,2022-10-01,-0.12667369772560522,213.66687643129436,2020.4007575757578
1298.9545454545455,70.97277152204683,1149.0,1393.0,244.0,0.05463837958795641,-0.015976761074800283,1342.4545454545455,1255.4545454545455,-87.0,7.0,0.3181818181818182,22.0,2022-11-01,-0.08003090493513187,260.53846483708287,1746.3852453102452
1453.4117647058824,123.08058518640131,1323.0,1723.0,400.0,0.0846839059482282,0.13228699551569512,1353.75,1542.0,188.25,6.0,0.35294117647058826,17.0,2022-12-01,-0.02268181047635187,264.22925274010043,1590.3788727612257
908.8095238095239,190.09511880900925,676.0,1250.0,574.0,0.20916937359125984,-0.45520000000000005,1084.8,748.8181818181819,-335.9818181818181,11.0,0.5238095238095238,21.0,2023-01-01,-0.4989630096348219,280.67233900129514,1395.6883965707495
658.35,132.56103311305324,530.0,990.0,460.0,0.201353433755682,0.48203592814371254,611.4,705.3,93.89999999999998,9.0,0.45,20.0,2023-02-01,-0.4931693319802638,406.4982131066985,1270.087638994992
1410.0434782608695,132.5845024260146,1099.0,1603.0,504.0,0.09402866256971219,0.26387625113739754,1345.090909090909,1469.5833333333333,124.49242424242425,10.0,0.43478260869565216,23.0,2023-03-01,-0.02983895376255541,382.7550425145575,1257.2377425146606
1480.3333333333333,63.66666666666667,1368.0,1581.0,213.0,0.04300833145687909,0.11614730878186963,1472.2222222222222,1488.4444444444443,16.22222222222217,6.0,0.3333333333333333,18.0,2023-04-01,0.6288708409745871,455.63880966981844,1201.650440927359
1416.05,177.80648891421257,977.0,1640.0,663.0,0.12556512052131816,-0.3704896907216495,1561.5,1270.6,-290.9000000000001,8.0,0.4,20.0,2023-05-01,1.1509075719602033,38.96384857383372,1221.1663500182683
1081.7727272727273,86.11405323923185,919.0,1240.0,321.0,0.07960457041317286,0.1643543223052295,1020.8181818181819,1142.7272727272727,121.90909090909088,6.0,0.2727272727272727,22.0,2023-06-01,-0.23280895663800905,213.97982720729502,1159.2265104460755
1040.1904761904761,50.35362477860627,962.0,1127.0,165.0,0.048408080953613424,0.055243445692883864,1044.5,1036.2727272727273,-8.227272727272748,5.0,0.23809523809523808,21.0,2023-07-01,-0.29732685688551486,206.05046319835373,1181.123335842901
1149.8636363636363,47.356765336544015,1080.0,1247.0,167.0,0.041184679503655314,-0.055652173913043446,1139.5454545454545,1160.1818181818182,20.63636363636374,3.0,0.13636363636363635,22.0,2023-08-01,-0.18797808243802383,55.36794735890275,1263.0422752368404
1393.4285714285713,237.3902897337293,1063.0,1752.0,689.0,0.1703641611786042,0.5971830985915494,1169.3,1597.1818181818182,427.8818181818183,10.0,0.47619047619047616,21.0,2023-09-01,0.2880973390238484,180.7987977389758,1260.273124098124
1867.6818181818182,181.69789771226812,1459.0,2105.0,646.0,0.0972852527360096,-0.1600460564191134,1893.1818181818182,1842.1818181818182,-51.0,8.0,0.36363636363636365,22.0,2023-10-01,0.7955190524545954,365.0349211144266,1324.831204906205
1831.4545454545455,399.08699521791755,1385.0,2937.0,1552.0,0.21790712535476486,1.096359743040685,1555.090909090909,2107.818181818182,552.727272727273,12.0,0.5454545454545454,22.0,2023-11-01,0.5927580345495516,263.97452884284036,1394.065295815296
2537.625,381.2936655322246,2087.0,3346.0,1259.0,0.15025611173133327,-0.34398496240601506,2820.875,2254.375,-566.5,8.0,0.5,16.0,2023-12-01,0.8211374820586428,397.6625439211378,1636.7073412698412
